region,category,parameter,mode,powertrain,year,unit,value
Japan,Historical,EV sales,Cars,BEV,2010,Vehicles,2400
EU27,Historical,EV sales,Vans,BEV,2010,Vehicles,1300
USA,Historical,EV sales,Cars,BEV,2010,Vehicles,1200
China,Historical,EV sales,Cars,BEV,2010,Vehicles,1100
EU27,Historical,EV sales,Cars,BEV,2010,Vehicles,1100
China,Historical,EV sales,Buses,BEV,2010,Vehicles,970
France,Historical,EV sales,Vans,BEV,2010,Vehicles,800
India,Historical,EV sales,Cars,BEV,2010,Vehicles,450
Norway,Historical,EV sales,Cars,BEV,2010,Vehicles,360
China,Historical,EV sales,Cars,PHEV,2010,Vehicles,340
United Kingdom,Historical,EV sales,Cars,BEV,2010,Vehicles,240
United Kingdom,Historical,EV sales,Vans,BEV,2010,Vehicles,230
Italy,Historical,EV sales,Vans,BEV,2010,Vehicles,210
France,Historical,EV sales,Cars,BEV,2010,Vehicles,190
Germany,Historical,EV sales,Vans,BEV,2010,Vehicles,170
Germany,Historical,EV sales,Cars,BEV,2010,Vehicles,140
EU27,Historical,EV sales,Buses,BEV,2010,Vehicles,130
China,Historical,EV sales,Vans,BEV,2010,Vehicles,120
Netherlands,Historical,EV sales,Cars,BEV,2010,Vehicles,120
EU27,Historical,EV sales,Cars,PHEV,2010,Vehicles,91
France,Historical,EV sales,Cars,PHEV,2010,Vehicles,82
Spain,Historical,EV sales,Cars,BEV,2010,Vehicles,76
Korea,Historical,EV sales,Cars,BEV,2010,Vehicles,61
Belgium,Historical,EV sales,Cars,BEV,2010,Vehicles,48
Italy,Historical,EV sales,Cars,BEV,2010,Vehicles,40
Netherlands,Historical,EV sales,Vans,BEV,2010,Vehicles,39
EU27,Historical,EV sales,Trucks,BEV,2010,Vehicles,26
France,Historical,EV sales,Trucks,BEV,2010,Vehicles,21
United Kingdom,Historical,EV sales,Cars,PHEV,2010,Vehicles,21
EU27,Historical,EV sales,Cars,FCEV,2010,Vehicles,16
France,Historical,EV sales,Buses,BEV,2010,Vehicles,16
Germany,Historical,EV sales,Cars,FCEV,2010,Vehicles,16
Poland,Historical,EV sales,Cars,BEV,2010,Vehicles,15
Portugal,Historical,EV sales,Cars,BEV,2010,Vehicles,13
Iceland,Historical,EV sales,Cars,FCEV,2010,Vehicles,11
Brazil,Historical,EV sales,Cars,BEV,2010,Vehicles,10
New Zealand,Historical,EV sales,Cars,BEV,2010,Vehicles,10
United Kingdom,Historical,EV sales,Trucks,BEV,2010,Vehicles,9
Belgium,Historical,EV sales,Cars,PHEV,2010,Vehicles,8
Belgium,Historical,EV sales,Vans,BEV,2010,Vehicles,7
Denmark,Historical,EV sales,Vans,BEV,2010,Vehicles,6
Korea,Historical,EV sales,Buses,BEV,2010,Vehicles,5
Denmark,Historical,EV sales,Trucks,BEV,2010,Vehicles,4
Sweden,Historical,EV sales,Cars,BEV,2010,Vehicles,4
United Kingdom,Historical,EV sales,Buses,BEV,2010,Vehicles,4
Poland,Historical,EV sales,Vans,BEV,2010,Vehicles,3
EU27,Historical,EV sales,Vans,FCEV,2010,Vehicles,2
Germany,Historical,EV sales,Vans,FCEV,2010,Vehicles,2
Japan,Historical,EV sales,Cars,FCEV,2010,Vehicles,2
Canada,Historical,EV sales,Trucks,BEV,2010,Vehicles,1
Norway,Historical,EV sales,Vans,BEV,2010,Vehicles,1
Poland,Historical,EV sales,Cars,PHEV,2010,Vehicles,1
Japan,Historical,EV sales,Cars,BEV,2011,Vehicles,13000
USA,Historical,EV sales,Cars,BEV,2011,Vehicles,9800
USA,Historical,EV sales,Cars,PHEV,2011,Vehicles,8000
EU27,Historical,EV sales,Cars,BEV,2011,Vehicles,7100
China,Historical,EV sales,Cars,BEV,2011,Vehicles,4800
France,Historical,EV sales,Cars,BEV,2011,Vehicles,2600
EU27,Historical,EV sales,Vans,BEV,2011,Vehicles,2200
Norway,Historical,EV sales,Cars,BEV,2011,Vehicles,2000
France,Historical,EV sales,Vans,BEV,2011,Vehicles,1700
Germany,Historical,EV sales,Cars,BEV,2011,Vehicles,1400
India,Historical,EV sales,Cars,BEV,2011,Vehicles,1400
United Kingdom,Historical,EV sales,Cars,BEV,2011,Vehicles,1200
Netherlands,Historical,EV sales,Cars,BEV,2011,Vehicles,860
Japan,Historical,EV sales,Vans,BEV,2011,Vehicles,850
China,Historical,EV sales,Buses,BEV,2011,Vehicles,440
Denmark,Historical,EV sales,Cars,BEV,2011,Vehicles,420
Switzerland,Historical,EV sales,Cars,BEV,2011,Vehicles,400
Spain,Historical,EV sales,Cars,BEV,2011,Vehicles,390
EU27,Historical,EV sales,Cars,PHEV,2011,Vehicles,360
China,Historical,EV sales,Cars,PHEV,2011,Vehicles,320
Canada,Historical,EV sales,Cars,PHEV,2011,Vehicles,300
Belgium,Historical,EV sales,Cars,BEV,2011,Vehicles,280
Germany,Historical,EV sales,Vans,BEV,2011,Vehicles,280
Korea,Historical,EV sales,Cars,BEV,2011,Vehicles,270
Germany,Historical,EV sales,Cars,PHEV,2011,Vehicles,240
Canada,Historical,EV sales,Cars,BEV,2011,Vehicles,220
United Kingdom,Historical,EV sales,Vans,BEV,2011,Vehicles,220
USA,Historical,EV sales,Buses,BEV,2011,Vehicles,190
Sweden,Historical,EV sales,Cars,BEV,2011,Vehicles,180
Portugal,Historical,EV sales,Cars,BEV,2011,Vehicles,170
China,Historical,EV sales,Buses,PHEV,2011,Vehicles,160
China,Historical,EV sales,Vans,BEV,2011,Vehicles,150
Italy,Historical,EV sales,Cars,BEV,2011,Vehicles,110
Italy,Historical,EV sales,Vans,BEV,2011,Vehicles,84
Netherlands,Historical,EV sales,Vans,BEV,2011,Vehicles,72
France,Historical,EV sales,Cars,PHEV,2011,Vehicles,56
Australia,Historical,EV sales,Cars,BEV,2011,Vehicles,49
Poland,Historical,EV sales,Cars,BEV,2011,Vehicles,43
Norway,Historical,EV sales,Vans,BEV,2011,Vehicles,42
Switzerland,Historical,EV sales,Cars,PHEV,2011,Vehicles,41
EU27,Historical,EV sales,Cars,FCEV,2011,Vehicles,38
Germany,Historical,EV sales,Cars,FCEV,2011,Vehicles,38
EU27,Historical,EV sales,Buses,BEV,2011,Vehicles,36
Finland,Historical,EV sales,Cars,BEV,2011,Vehicles,30
Belgium,Historical,EV sales,Vans,BEV,2011,Vehicles,25
Spain,Historical,EV sales,Vans,BEV,2011,Vehicles,24
Denmark,Historical,EV sales,Vans,BEV,2011,Vehicles,23
France,Historical,EV sales,Buses,BEV,2011,Vehicles,21
Netherlands,Historical,EV sales,Cars,PHEV,2011,Vehicles,17
Belgium,Historical,EV sales,Cars,PHEV,2011,Vehicles,16
Japan,Historical,EV sales,Cars,PHEV,2011,Vehicles,15
New Zealand,Historical,EV sales,Cars,BEV,2011,Vehicles,13
EU27,Historical,EV sales,Trucks,BEV,2011,Vehicles,11
Sweden,Historical,EV sales,Vans,BEV,2011,Vehicles,9
Brazil,Historical,EV sales,Cars,BEV,2011,Vehicles,8
France,Historical,EV sales,Trucks,BEV,2011,Vehicles,8
Spain,Historical,EV sales,Cars,PHEV,2011,Vehicles,8
United Kingdom,Historical,EV sales,Cars,PHEV,2011,Vehicles,7
Chile,Historical,EV sales,Cars,BEV,2011,Vehicles,6
United Kingdom,Historical,EV sales,Trucks,BEV,2011,Vehicles,5
Korea,Historical,EV sales,Buses,BEV,2011,Vehicles,4
Israel,Historical,EV sales,Cars,BEV,2011,Vehicles,3
Mexico,Historical,EV sales,Cars,BEV,2011,Vehicles,3
Poland,Historical,EV sales,Vans,BEV,2011,Vehicles,3
Canada,Historical,EV sales,Trucks,BEV,2011,Vehicles,2
Denmark,Historical,EV sales,Cars,PHEV,2011,Vehicles,2
Japan,Historical,EV sales,Buses,BEV,2011,Vehicles,2
New Zealand,Historical,EV sales,Cars,PHEV,2011,Vehicles,2
New Zealand,Historical,EV sales,Buses,BEV,2011,Vehicles,2
Portugal,Historical,EV sales,Cars,PHEV,2011,Vehicles,2
United Kingdom,Historical,EV sales,Buses,BEV,2011,Vehicles,2
Belgium,Historical,EV sales,Trucks,BEV,2011,Vehicles,1
Denmark,Historical,EV sales,Buses,BEV,2011,Vehicles,1
USA,Historical,EV sales,Cars,PHEV,2012,Vehicles,39000
USA,Historical,EV sales,Cars,BEV,2012,Vehicles,15000
Japan,Historical,EV sales,Cars,BEV,2012,Vehicles,13000
EU27,Historical,EV sales,Cars,BEV,2012,Vehicles,12000
Japan,Historical,EV sales,Cars,PHEV,2012,Vehicles,11000
China,Historical,EV sales,Cars,BEV,2012,Vehicles,9600
EU27,Historical,EV sales,Cars,PHEV,2012,Vehicles,7500
EU27,Historical,EV sales,Vans,BEV,2012,Vehicles,6500
France,Historical,EV sales,Cars,BEV,2012,Vehicles,5700
Netherlands,Historical,EV sales,Cars,PHEV,2012,Vehicles,4300
Norway,Historical,EV sales,Cars,BEV,2012,Vehicles,3900
France,Historical,EV sales,Vans,BEV,2012,Vehicles,3600
Japan,Historical,EV sales,Vans,BEV,2012,Vehicles,2500
Germany,Historical,EV sales,Cars,BEV,2012,Vehicles,2200
United Kingdom,Historical,EV sales,Cars,BEV,2012,Vehicles,1600
China,Historical,EV sales,Buses,BEV,2012,Vehicles,1400
Canada,Historical,EV sales,Cars,PHEV,2012,Vehicles,1300
Germany,Historical,EV sales,Cars,PHEV,2012,Vehicles,1200
United Kingdom,Historical,EV sales,Cars,PHEV,2012,Vehicles,970
Germany,Historical,EV sales,Vans,BEV,2012,Vehicles,950
Netherlands,Historical,EV sales,Cars,BEV,2012,Vehicles,790
China,Historical,EV sales,Vans,BEV,2012,Vehicles,670
France,Historical,EV sales,Cars,PHEV,2012,Vehicles,660
Sweden,Historical,EV sales,Cars,PHEV,2012,Vehicles,660
Canada,Historical,EV sales,Cars,BEV,2012,Vehicles,620
Israel,Historical,EV sales,Cars,BEV,2012,Vehicles,600
Belgium,Historical,EV sales,Cars,BEV,2012,Vehicles,570
China,Historical,EV sales,Buses,PHEV,2012,Vehicles,510
Korea,Historical,EV sales,Cars,BEV,2012,Vehicles,510
Denmark,Historical,EV sales,Cars,BEV,2012,Vehicles,490
Italy,Historical,EV sales,Cars,BEV,2012,Vehicles,460
Spain,Historical,EV sales,Cars,BEV,2012,Vehicles,430
United Kingdom,Historical,EV sales,Vans,BEV,2012,Vehicles,410
Switzerland,Historical,EV sales,Cars,PHEV,2012,Vehicles,400
Italy,Historical,EV sales,Vans,BEV,2012,Vehicles,360
Belgium,Historical,EV sales,Cars,PHEV,2012,Vehicles,340
Netherlands,Historical,EV sales,Vans,BEV,2012,Vehicles,340
Switzerland,Historical,EV sales,Cars,BEV,2012,Vehicles,340
Norway,Historical,EV sales,Cars,PHEV,2012,Vehicles,320
Sweden,Historical,EV sales,Vans,BEV,2012,Vehicles,280
Sweden,Historical,EV sales,Cars,BEV,2012,Vehicles,270
Belgium,Historical,EV sales,Vans,BEV,2012,Vehicles,260
China,Historical,EV sales,Cars,PHEV,2012,Vehicles,260
Spain,Historical,EV sales,Vans,BEV,2012,Vehicles,200
India,Historical,EV sales,Cars,BEV,2012,Vehicles,190
Australia,Historical,EV sales,Cars,BEV,2012,Vehicles,170
Denmark,Historical,EV sales,Vans,BEV,2012,Vehicles,130
Finland,Historical,EV sales,Cars,PHEV,2012,Vehicles,130
Switzerland,Historical,EV sales,Vans,BEV,2012,Vehicles,120
Spain,Historical,EV sales,Cars,PHEV,2012,Vehicles,110
Turkiye,Historical,EV sales,Cars,BEV,2012,Vehicles,92
Mexico,Historical,EV sales,Cars,BEV,2012,Vehicles,88
Australia,Historical,EV sales,Cars,PHEV,2012,Vehicles,80
Norway,Historical,EV sales,Vans,BEV,2012,Vehicles,61
Portugal,Historical,EV sales,Cars,BEV,2012,Vehicles,54
Finland,Historical,EV sales,Cars,BEV,2012,Vehicles,51
EU27,Historical,EV sales,Buses,BEV,2012,Vehicles,47
Poland,Historical,EV sales,Cars,BEV,2012,Vehicles,44
Portugal,Historical,EV sales,Cars,PHEV,2012,Vehicles,30
EU27,Historical,EV sales,Cars,FCEV,2012,Vehicles,29
Germany,Historical,EV sales,Cars,FCEV,2012,Vehicles,29
France,Historical,EV sales,Buses,BEV,2012,Vehicles,25
Brazil,Historical,EV sales,Cars,BEV,2012,Vehicles,22
New Zealand,Historical,EV sales,Cars,BEV,2012,Vehicles,22
Brazil,Historical,EV sales,Cars,PHEV,2012,Vehicles,18
Iceland,Historical,EV sales,Cars,BEV,2012,Vehicles,17
Poland,Historical,EV sales,Vans,BEV,2012,Vehicles,16
United Kingdom,Historical,EV sales,Buses,BEV,2012,Vehicles,14
Denmark,Historical,EV sales,Cars,PHEV,2012,Vehicles,12
EU27,Historical,EV sales,Vans,PHEV,2012,Vehicles,11
EU27,Historical,EV sales,Trucks,BEV,2012,Vehicles,10
Iceland,Historical,EV sales,Cars,PHEV,2012,Vehicles,9
Denmark,Historical,EV sales,Vans,PHEV,2012,Vehicles,8
USA,Historical,EV sales,Buses,BEV,2012,Vehicles,6.5
France,Historical,EV sales,Trucks,BEV,2012,Vehicles,6
United Kingdom,Historical,EV sales,Trucks,BEV,2012,Vehicles,6
Chile,Historical,EV sales,Cars,BEV,2012,Vehicles,5
New Zealand,Historical,EV sales,Cars,PHEV,2012,Vehicles,5
Japan,Historical,EV sales,Buses,BEV,2012,Vehicles,4
Poland,Historical,EV sales,Cars,PHEV,2012,Vehicles,4
Canada,Historical,EV sales,Trucks,BEV,2012,Vehicles,3
Italy,Historical,EV sales,Vans,PHEV,2012,Vehicles,3
Korea,Historical,EV sales,Buses,BEV,2012,Vehicles,2
Denmark,Historical,EV sales,Trucks,BEV,2012,Vehicles,1
Denmark,Historical,EV sales,Buses,BEV,2012,Vehicles,1
Israel,Historical,EV sales,Cars,PHEV,2012,Vehicles,1
Japan,Historical,EV sales,Cars,FCEV,2012,Vehicles,1
New Zealand,Historical,EV sales,Buses,BEV,2012,Vehicles,1
USA,Historical,EV sales,Cars,PHEV,2013,Vehicles,49000
USA,Historical,EV sales,Cars,BEV,2013,Vehicles,48000
EU27,Historical,EV sales,Cars,PHEV,2013,Vehicles,24000
EU27,Historical,EV sales,Cars,BEV,2013,Vehicles,21000
Netherlands,Historical,EV sales,Cars,PHEV,2013,Vehicles,20000
China,Historical,EV sales,Cars,BEV,2013,Vehicles,15000
Japan,Historical,EV sales,Cars,BEV,2013,Vehicles,15000
Japan,Historical,EV sales,Cars,PHEV,2013,Vehicles,14000
France,Historical,EV sales,Cars,BEV,2013,Vehicles,8900
Norway,Historical,EV sales,Cars,BEV,2013,Vehicles,7900
EU27,Historical,EV sales,Vans,BEV,2013,Vehicles,6600
Germany,Historical,EV sales,Cars,BEV,2013,Vehicles,5200
France,Historical,EV sales,Vans,BEV,2013,Vehicles,5100
Netherlands,Historical,EV sales,Cars,BEV,2013,Vehicles,2600
United Kingdom,Historical,EV sales,Cars,BEV,2013,Vehicles,2600
Japan,Historical,EV sales,Vans,BEV,2013,Vehicles,2100
China,Historical,EV sales,Buses,BEV,2013,Vehicles,2000
China,Historical,EV sales,Buses,PHEV,2013,Vehicles,1800
Canada,Historical,EV sales,Cars,BEV,2013,Vehicles,1600
Germany,Historical,EV sales,Cars,PHEV,2013,Vehicles,1600
Canada,Historical,EV sales,Cars,PHEV,2013,Vehicles,1500
Switzerland,Historical,EV sales,Cars,BEV,2013,Vehicles,1200
Sweden,Historical,EV sales,Cars,PHEV,2013,Vehicles,1100
United Kingdom,Historical,EV sales,Cars,PHEV,2013,Vehicles,1100
Italy,Historical,EV sales,Cars,BEV,2013,Vehicles,860
France,Historical,EV sales,Cars,PHEV,2013,Vehicles,850
Spain,Historical,EV sales,Cars,BEV,2013,Vehicles,810
China,Historical,EV sales,Vans,BEV,2013,Vehicles,750
China,Historical,EV sales,Cars,PHEV,2013,Vehicles,730
Austria,Historical,EV sales,Cars,BEV,2013,Vehicles,650
Germany,Historical,EV sales,Vans,BEV,2013,Vehicles,600
Korea,Historical,EV sales,Cars,BEV,2013,Vehicles,600
Belgium,Historical,EV sales,Cars,BEV,2013,Vehicles,500
Denmark,Historical,EV sales,Cars,BEV,2013,Vehicles,500
Israel,Historical,EV sales,Cars,BEV,2013,Vehicles,460
Sweden,Historical,EV sales,Cars,BEV,2013,Vehicles,430
India,Historical,EV sales,Cars,BEV,2013,Vehicles,410
Norway,Historical,EV sales,Vans,BEV,2013,Vehicles,340
Norway,Historical,EV sales,Cars,PHEV,2013,Vehicles,340
United Kingdom,Historical,EV sales,Vans,BEV,2013,Vehicles,290
Sweden,Historical,EV sales,Vans,BEV,2013,Vehicles,210
Australia,Historical,EV sales,Cars,BEV,2013,Vehicles,190
Italy,Historical,EV sales,Vans,BEV,2013,Vehicles,180
Italy,Historical,EV sales,Cars,PHEV,2013,Vehicles,180
Netherlands,Historical,EV sales,Vans,BEV,2013,Vehicles,180
Finland,Historical,EV sales,Cars,PHEV,2013,Vehicles,170
Switzerland,Historical,EV sales,Cars,PHEV,2013,Vehicles,170
Portugal,Historical,EV sales,Cars,BEV,2013,Vehicles,150
Belgium,Historical,EV sales,Vans,BEV,2013,Vehicles,110
Switzerland,Historical,EV sales,Vans,BEV,2013,Vehicles,110
Australia,Historical,EV sales,Cars,PHEV,2013,Vehicles,100
Denmark,Historical,EV sales,Vans,BEV,2013,Vehicles,100
Iceland,Historical,EV sales,Cars,BEV,2013,Vehicles,80
Spain,Historical,EV sales,Vans,BEV,2013,Vehicles,72
Spain,Historical,EV sales,Cars,PHEV,2013,Vehicles,72
EU27,Historical,EV sales,Buses,BEV,2013,Vehicles,68
Belgium,Historical,EV sales,Cars,PHEV,2013,Vehicles,60
Finland,Historical,EV sales,Cars,BEV,2013,Vehicles,50
EU27,Historical,EV sales,Cars,FCEV,2013,Vehicles,42
Brazil,Historical,EV sales,Cars,BEV,2013,Vehicles,39
Portugal,Historical,EV sales,Cars,PHEV,2013,Vehicles,35
South Africa,Historical,EV sales,Cars,BEV,2013,Vehicles,34
Brazil,Historical,EV sales,Cars,PHEV,2013,Vehicles,33
Poland,Historical,EV sales,Cars,BEV,2013,Vehicles,31
New Zealand,Historical,EV sales,Cars,BEV,2013,Vehicles,30
Portugal,Historical,EV sales,Vans,BEV,2013,Vehicles,27
France,Historical,EV sales,Buses,BEV,2013,Vehicles,24
Germany,Historical,EV sales,Cars,FCEV,2013,Vehicles,23
Iceland,Historical,EV sales,Cars,PHEV,2013,Vehicles,23
United Kingdom,Historical,EV sales,Buses,BEV,2013,Vehicles,23
Israel,Historical,EV sales,Cars,PHEV,2013,Vehicles,17
EU27,Historical,EV sales,Trucks,BEV,2013,Vehicles,16
Denmark,Historical,EV sales,Cars,FCEV,2013,Vehicles,15
Mexico,Historical,EV sales,Cars,BEV,2013,Vehicles,12
Denmark,Historical,EV sales,Cars,PHEV,2013,Vehicles,10
Poland,Historical,EV sales,Vans,BEV,2013,Vehicles,10
USA,Historical,EV sales,Buses,BEV,2013,Vehicles,8.699999809
Canada,Historical,EV sales,Trucks,BEV,2013,Vehicles,8
Brazil,Historical,EV sales,Vans,BEV,2013,Vehicles,7
France,Historical,EV sales,Trucks,BEV,2013,Vehicles,7
Japan,Historical,EV sales,Buses,BEV,2013,Vehicles,7
Korea,Historical,EV sales,Buses,BEV,2013,Vehicles,6
New Zealand,Historical,EV sales,Cars,PHEV,2013,Vehicles,6
Poland,Historical,EV sales,Cars,PHEV,2013,Vehicles,6
Brazil,Historical,EV sales,Buses,BEV,2013,Vehicles,5
Chile,Historical,EV sales,Cars,BEV,2013,Vehicles,5
EU27,Historical,EV sales,Vans,PHEV,2013,Vehicles,5
Netherlands,Historical,EV sales,Buses,BEV,2013,Vehicles,5
Japan,Historical,EV sales,Cars,FCEV,2013,Vehicles,4
Greece,Historical,EV sales,Cars,BEV,2013,Vehicles,3
Sweden,Historical,EV sales,Cars,FCEV,2013,Vehicles,3
Denmark,Historical,EV sales,Vans,PHEV,2013,Vehicles,2
Denmark,Historical,EV sales,Buses,BEV,2013,Vehicles,2
Germany,Historical,EV sales,Vans,PHEV,2013,Vehicles,2
Denmark,Historical,EV sales,Trucks,BEV,2013,Vehicles,1
EU27,Historical,EV sales,Vans,FCEV,2013,Vehicles,1
France,Historical,EV sales,Vans,FCEV,2013,Vehicles,1
France,Historical,EV sales,Cars,FCEV,2013,Vehicles,1
Italy,Historical,EV sales,Vans,PHEV,2013,Vehicles,1
Turkiye,Historical,EV sales,Cars,PHEV,2013,Vehicles,1
Israel,Historical,EV sales,Buses,BEV,2013,Vehicles,0.001
USA,Historical,EV sales,Cars,BEV,2014,Vehicles,63000
USA,Historical,EV sales,Cars,PHEV,2014,Vehicles,55000
China,Historical,EV sales,Cars,BEV,2014,Vehicles,49000
EU27,Historical,EV sales,Cars,BEV,2014,Vehicles,33000
China,Historical,EV sales,Cars,PHEV,2014,Vehicles,24000
EU27,Historical,EV sales,Cars,PHEV,2014,Vehicles,24000
Norway,Historical,EV sales,Cars,BEV,2014,Vehicles,20000
Japan,Historical,EV sales,Cars,PHEV,2014,Vehicles,16000
Japan,Historical,EV sales,Cars,BEV,2014,Vehicles,16000
Netherlands,Historical,EV sales,Cars,PHEV,2014,Vehicles,12000
France,Historical,EV sales,Cars,BEV,2014,Vehicles,11000
Germany,Historical,EV sales,Cars,BEV,2014,Vehicles,9100
United Kingdom,Historical,EV sales,Cars,PHEV,2014,Vehicles,7800
EU27,Historical,EV sales,Vans,BEV,2014,Vehicles,6900
United Kingdom,Historical,EV sales,Cars,BEV,2014,Vehicles,6700
China,Historical,EV sales,Buses,PHEV,2014,Vehicles,6000
France,Historical,EV sales,Vans,BEV,2014,Vehicles,4500
Germany,Historical,EV sales,Cars,PHEV,2014,Vehicles,4400
China,Historical,EV sales,Buses,BEV,2014,Vehicles,4000
Sweden,Historical,EV sales,Cars,PHEV,2014,Vehicles,3400
Canada,Historical,EV sales,Cars,BEV,2014,Vehicles,2800
Netherlands,Historical,EV sales,Cars,BEV,2014,Vehicles,2700
Switzerland,Historical,EV sales,Cars,BEV,2014,Vehicles,2700
Canada,Historical,EV sales,Cars,PHEV,2014,Vehicles,2300
France,Historical,EV sales,Cars,PHEV,2014,Vehicles,2100
Austria,Historical,EV sales,Cars,BEV,2014,Vehicles,1700
Norway,Historical,EV sales,Cars,PHEV,2014,Vehicles,1700
Denmark,Historical,EV sales,Cars,BEV,2014,Vehicles,1600
Spain,Historical,EV sales,Cars,BEV,2014,Vehicles,1400
Belgium,Historical,EV sales,Cars,BEV,2014,Vehicles,1300
Korea,Historical,EV sales,Cars,BEV,2014,Vehicles,1300
Sweden,Historical,EV sales,Cars,BEV,2014,Vehicles,1200
India,Historical,EV sales,Cars,BEV,2014,Vehicles,1000
Italy,Historical,EV sales,Cars,BEV,2014,Vehicles,1000
Japan,Historical,EV sales,Vans,BEV,2014,Vehicles,1000
Australia,Historical,EV sales,Cars,PHEV,2014,Vehicles,950
United Kingdom,Historical,EV sales,Vans,BEV,2014,Vehicles,790
Germany,Historical,EV sales,Vans,BEV,2014,Vehicles,720
Belgium,Historical,EV sales,Cars,PHEV,2014,Vehicles,650
Netherlands,Historical,EV sales,Vans,BEV,2014,Vehicles,590
Norway,Historical,EV sales,Vans,BEV,2014,Vehicles,560
China,Historical,EV sales,Vans,BEV,2014,Vehicles,480
Australia,Historical,EV sales,Cars,BEV,2014,Vehicles,370
Spain,Historical,EV sales,Vans,BEV,2014,Vehicles,360
Italy,Historical,EV sales,Cars,PHEV,2014,Vehicles,340
Spain,Historical,EV sales,Cars,PHEV,2014,Vehicles,330
Sweden,Historical,EV sales,Vans,BEV,2014,Vehicles,280
Italy,Historical,EV sales,Vans,BEV,2014,Vehicles,270
Finland,Historical,EV sales,Cars,PHEV,2014,Vehicles,260
EU27,Historical,EV sales,Buses,BEV,2014,Vehicles,220
New Zealand,Historical,EV sales,Cars,PHEV,2014,Vehicles,210
Iceland,Historical,EV sales,Cars,BEV,2014,Vehicles,200
Switzerland,Historical,EV sales,Cars,PHEV,2014,Vehicles,200
Portugal,Historical,EV sales,Cars,BEV,2014,Vehicles,190
Finland,Historical,EV sales,Cars,BEV,2014,Vehicles,180
Poland,Historical,EV sales,Cars,BEV,2014,Vehicles,140
New Zealand,Historical,EV sales,Cars,BEV,2014,Vehicles,110
Belgium,Historical,EV sales,Vans,BEV,2014,Vehicles,99
Portugal,Historical,EV sales,Cars,PHEV,2014,Vehicles,98
Denmark,Historical,EV sales,Cars,PHEV,2014,Vehicles,90
Brazil,Historical,EV sales,Cars,BEV,2014,Vehicles,61
Poland,Historical,EV sales,Cars,PHEV,2014,Vehicles,61
USA,Historical,EV sales,Cars,FCEV,2014,Vehicles,55
Israel,Historical,EV sales,Cars,PHEV,2014,Vehicles,52
Switzerland,Historical,EV sales,Vans,BEV,2014,Vehicles,52
Mexico,Historical,EV sales,Cars,BEV,2014,Vehicles,48
Denmark,Historical,EV sales,Vans,BEV,2014,Vehicles,47
United Kingdom,Historical,EV sales,Buses,BEV,2014,Vehicles,47
Turkiye,Historical,EV sales,Cars,BEV,2014,Vehicles,46
France,Historical,EV sales,Buses,BEV,2014,Vehicles,40
Greece,Historical,EV sales,Cars,BEV,2014,Vehicles,39
EU27,Historical,EV sales,Trucks,BEV,2014,Vehicles,32
Iceland,Historical,EV sales,Cars,PHEV,2014,Vehicles,29
EU27,Historical,EV sales,Cars,FCEV,2014,Vehicles,28
Portugal,Historical,EV sales,Vans,BEV,2014,Vehicles,26
USA,Historical,EV sales,Buses,BEV,2014,Vehicles,26
Turkiye,Historical,EV sales,Cars,PHEV,2014,Vehicles,22
Chile,Historical,EV sales,Cars,PHEV,2014,Vehicles,14
South Africa,Historical,EV sales,Cars,BEV,2014,Vehicles,14
Brazil,Historical,EV sales,Vans,BEV,2014,Vehicles,13
France,Historical,EV sales,Trucks,BEV,2014,Vehicles,12
Spain,Historical,EV sales,Buses,BEV,2014,Vehicles,11
Italy,Historical,EV sales,Cars,FCEV,2014,Vehicles,10
Germany,Historical,EV sales,Cars,FCEV,2014,Vehicles,8
Poland,Historical,EV sales,Vans,BEV,2014,Vehicles,8
United Kingdom,Historical,EV sales,Trucks,BEV,2014,Vehicles,8
Japan,Historical,EV sales,Cars,FCEV,2014,Vehicles,7
Netherlands,Historical,EV sales,Buses,BEV,2014,Vehicles,7
Austria,Historical,EV sales,Cars,FCEV,2014,Vehicles,6
Canada,Historical,EV sales,Trucks,BEV,2014,Vehicles,6
Israel,Historical,EV sales,Cars,BEV,2014,Vehicles,6
Japan,Historical,EV sales,Buses,BEV,2014,Vehicles,6
EU27,Historical,EV sales,Vans,FCEV,2014,Vehicles,4
France,Historical,EV sales,Vans,FCEV,2014,Vehicles,4
Norway,Historical,EV sales,Cars,FCEV,2014,Vehicles,4
United Kingdom,Historical,EV sales,Vans,PHEV,2014,Vehicles,4
Belgium,Historical,EV sales,Buses,BEV,2014,Vehicles,3
Chile,Historical,EV sales,Cars,BEV,2014,Vehicles,3
Korea,Historical,EV sales,Buses,BEV,2014,Vehicles,3
Netherlands,Historical,EV sales,Cars,FCEV,2014,Vehicles,2.200000048
Denmark,Historical,EV sales,Vans,PHEV,2014,Vehicles,2
EU27,Historical,EV sales,Vans,PHEV,2014,Vehicles,2
EU27,Historical,EV sales,Buses,PHEV,2014,Vehicles,2
Portugal,Historical,EV sales,Buses,PHEV,2014,Vehicles,2
Belgium,Historical,EV sales,Trucks,BEV,2014,Vehicles,1
Denmark,Historical,EV sales,Cars,FCEV,2014,Vehicles,1
EU27,Historical,EV sales,Buses,FCEV,2014,Vehicles,1
France,Historical,EV sales,Cars,FCEV,2014,Vehicles,1
South Africa,Historical,EV sales,Cars,PHEV,2014,Vehicles,1
China,Historical,EV sales,Cars,BEV,2015,Vehicles,150000
USA,Historical,EV sales,Cars,BEV,2015,Vehicles,71000
EU27,Historical,EV sales,Cars,PHEV,2015,Vehicles,70000
China,Historical,EV sales,Cars,PHEV,2015,Vehicles,61000
EU27,Historical,EV sales,Cars,BEV,2015,Vehicles,49000
China,Historical,EV sales,Buses,BEV,2015,Vehicles,43000
USA,Historical,EV sales,Cars,PHEV,2015,Vehicles,43000
Netherlands,Historical,EV sales,Cars,PHEV,2015,Vehicles,39000
Norway,Historical,EV sales,Cars,BEV,2015,Vehicles,26000
United Kingdom,Historical,EV sales,Cars,PHEV,2015,Vehicles,19000
France,Historical,EV sales,Cars,BEV,2015,Vehicles,18000
China,Historical,EV sales,Trucks,BEV,2015,Vehicles,17000
China,Historical,EV sales,Vans,BEV,2015,Vehicles,15000
Japan,Historical,EV sales,Cars,PHEV,2015,Vehicles,14000
China,Historical,EV sales,Buses,PHEV,2015,Vehicles,13000
Germany,Historical,EV sales,Cars,BEV,2015,Vehicles,12000
Germany,Historical,EV sales,Cars,PHEV,2015,Vehicles,11000
Japan,Historical,EV sales,Cars,BEV,2015,Vehicles,10000
United Kingdom,Historical,EV sales,Cars,BEV,2015,Vehicles,10000
EU27,Historical,EV sales,Vans,BEV,2015,Vehicles,8000
Norway,Historical,EV sales,Cars,PHEV,2015,Vehicles,7900
France,Historical,EV sales,Cars,PHEV,2015,Vehicles,5800
Sweden,Historical,EV sales,Cars,PHEV,2015,Vehicles,5700
France,Historical,EV sales,Vans,BEV,2015,Vehicles,4900
Canada,Historical,EV sales,Cars,BEV,2015,Vehicles,4400
Denmark,Historical,EV sales,Cars,BEV,2015,Vehicles,4300
Netherlands,Historical,EV sales,Cars,BEV,2015,Vehicles,3400
Switzerland,Historical,EV sales,Cars,BEV,2015,Vehicles,3300
Korea,Historical,EV sales,Cars,BEV,2015,Vehicles,3100
Sweden,Historical,EV sales,Cars,BEV,2015,Vehicles,3000
Belgium,Historical,EV sales,Cars,PHEV,2015,Vehicles,2500
Canada,Historical,EV sales,Cars,PHEV,2015,Vehicles,2400
Switzerland,Historical,EV sales,Cars,PHEV,2015,Vehicles,2400
Austria,Historical,EV sales,Cars,BEV,2015,Vehicles,1700
Italy,Historical,EV sales,Cars,BEV,2015,Vehicles,1500
Belgium,Historical,EV sales,Cars,BEV,2015,Vehicles,1400
Spain,Historical,EV sales,Cars,BEV,2015,Vehicles,1300
Austria,Historical,EV sales,Cars,PHEV,2015,Vehicles,1100
Australia,Historical,EV sales,Cars,PHEV,2015,Vehicles,1000
Germany,Historical,EV sales,Vans,BEV,2015,Vehicles,1000
United Kingdom,Historical,EV sales,Vans,BEV,2015,Vehicles,960
Japan,Historical,EV sales,Vans,BEV,2015,Vehicles,830
Spain,Historical,EV sales,Cars,PHEV,2015,Vehicles,780
Australia,Historical,EV sales,Cars,BEV,2015,Vehicles,760
Italy,Historical,EV sales,Cars,PHEV,2015,Vehicles,740
Norway,Historical,EV sales,Vans,BEV,2015,Vehicles,710
Portugal,Historical,EV sales,Cars,BEV,2015,Vehicles,670
USA,Historical,EV sales,Buses,PHEV,2015,Vehicles,550
Spain,Historical,EV sales,Vans,BEV,2015,Vehicles,540
Ireland,Historical,EV sales,Cars,BEV,2015,Vehicles,470
India,Historical,EV sales,Cars,BEV,2015,Vehicles,450
Portugal,Historical,EV sales,Cars,PHEV,2015,Vehicles,430
Denmark,Historical,EV sales,Cars,PHEV,2015,Vehicles,420
Finland,Historical,EV sales,Cars,PHEV,2015,Vehicles,420
Italy,Historical,EV sales,Vans,BEV,2015,Vehicles,420
Iceland,Historical,EV sales,Cars,BEV,2015,Vehicles,390
Japan,Historical,EV sales,Cars,FCEV,2015,Vehicles,390
Sweden,Historical,EV sales,Vans,BEV,2015,Vehicles,320
Czech Republic,Historical,EV sales,Cars,BEV,2015,Vehicles,300
New Zealand,Historical,EV sales,Cars,BEV,2015,Vehicles,300
Denmark,Historical,EV sales,Vans,BEV,2015,Vehicles,260
Netherlands,Historical,EV sales,Vans,BEV,2015,Vehicles,260
Korea,Historical,EV sales,Cars,PHEV,2015,Vehicles,250
Finland,Historical,EV sales,Cars,BEV,2015,Vehicles,240
New Zealand,Historical,EV sales,Cars,PHEV,2015,Vehicles,200
Iceland,Historical,EV sales,Cars,PHEV,2015,Vehicles,170
EU27,Historical,EV sales,Cars,FCEV,2015,Vehicles,160
Switzerland,Historical,EV sales,Vans,BEV,2015,Vehicles,160
Poland,Historical,EV sales,Cars,PHEV,2015,Vehicles,150
EU27,Historical,EV sales,Buses,BEV,2015,Vehicles,140
Hungary,Historical,EV sales,Cars,BEV,2015,Vehicles,120
Ireland,Historical,EV sales,Cars,PHEV,2015,Vehicles,120
South Africa,Historical,EV sales,Cars,PHEV,2015,Vehicles,120
South Africa,Historical,EV sales,Cars,BEV,2015,Vehicles,120
Turkiye,Historical,EV sales,Cars,BEV,2015,Vehicles,120
EU27,Historical,EV sales,Vans,PHEV,2015,Vehicles,110
Turkiye,Historical,EV sales,Cars,PHEV,2015,Vehicles,110
India,Historical,EV sales,Buses,BEV,2015,Vehicles,100
USA,Historical,EV sales,Cars,FCEV,2015,Vehicles,100
United Kingdom,Historical,EV sales,Vans,PHEV,2015,Vehicles,98
Mexico,Historical,EV sales,Cars,BEV,2015,Vehicles,92
Denmark,Historical,EV sales,Vans,PHEV,2015,Vehicles,85
USA,Historical,EV sales,Buses,BEV,2015,Vehicles,81
Poland,Historical,EV sales,Cars,BEV,2015,Vehicles,70
Belgium,Historical,EV sales,Vans,BEV,2015,Vehicles,68
Israel,Historical,EV sales,Cars,PHEV,2015,Vehicles,65
Germany,Historical,EV sales,Cars,FCEV,2015,Vehicles,63
Brazil,Historical,EV sales,Cars,BEV,2015,Vehicles,61
EU27,Historical,EV sales,Vans,FCEV,2015,Vehicles,53
France,Historical,EV sales,Vans,FCEV,2015,Vehicles,53
Slovakia,Historical,EV sales,Cars,BEV,2015,Vehicles,52
France,Historical,EV sales,Buses,BEV,2015,Vehicles,51
Colombia,Historical,EV sales,Cars,BEV,2015,Vehicles,39
Denmark,Historical,EV sales,Cars,FCEV,2015,Vehicles,38
Lithuania,Historical,EV sales,Cars,BEV,2015,Vehicles,37
Greece,Historical,EV sales,Cars,BEV,2015,Vehicles,35
Estonia,Historical,EV sales,Cars,BEV,2015,Vehicles,34
Korea,Historical,EV sales,Cars,FCEV,2015,Vehicles,29
Brazil,Historical,EV sales,Cars,PHEV,2015,Vehicles,28
Romania,Historical,EV sales,Cars,BEV,2015,Vehicles,24
United Kingdom,Historical,EV sales,Buses,BEV,2015,Vehicles,24
Chile,Historical,EV sales,Cars,PHEV,2015,Vehicles,23
Greece,Historical,EV sales,Cars,PHEV,2015,Vehicles,22
Bulgaria,Historical,EV sales,Cars,BEV,2015,Vehicles,21
Netherlands,Historical,EV sales,Cars,FCEV,2015,Vehicles,19
EU27,Historical,EV sales,Trucks,BEV,2015,Vehicles,18
Korea,Historical,EV sales,Vans,BEV,2015,Vehicles,18
Latvia,Historical,EV sales,Cars,BEV,2015,Vehicles,17
Hungary,Historical,EV sales,Cars,PHEV,2015,Vehicles,15
Poland,Historical,EV sales,Vans,BEV,2015,Vehicles,13
Netherlands,Historical,EV sales,Buses,BEV,2015,Vehicles,12
United Kingdom,Historical,EV sales,Cars,FCEV,2015,Vehicles,11
Chile,Historical,EV sales,Cars,BEV,2015,Vehicles,10
France,Historical,EV sales,Cars,FCEV,2015,Vehicles,10
France,Historical,EV sales,Vans,PHEV,2015,Vehicles,10
Switzerland,Historical,EV sales,Cars,FCEV,2015,Vehicles,10
Canada,Historical,EV sales,Trucks,BEV,2015,Vehicles,9
Canada,Historical,EV sales,Vans,FCEV,2015,Vehicles,9
Latvia,Historical,EV sales,Cars,PHEV,2015,Vehicles,9
Norway,Historical,EV sales,Cars,FCEV,2015,Vehicles,9
Sweden,Historical,EV sales,Buses,BEV,2015,Vehicles,9
Mexico,Historical,EV sales,Cars,PHEV,2015,Vehicles,7
Sweden,Historical,EV sales,Vans,PHEV,2015,Vehicles,7
Canada,Historical,EV sales,Vans,PHEV,2015,Vehicles,5
EU27,Historical,EV sales,Buses,PHEV,2015,Vehicles,5
Sweden,Historical,EV sales,Buses,PHEV,2015,Vehicles,5
Austria,Historical,EV sales,Cars,FCEV,2015,Vehicles,4
Costa Rica,Historical,EV sales,Cars,BEV,2015,Vehicles,4
Netherlands,Historical,EV sales,Trucks,BEV,2015,Vehicles,4
Brazil,Historical,EV sales,Vans,BEV,2015,Vehicles,3
Colombia,Historical,EV sales,Cars,PHEV,2015,Vehicles,3
Israel,Historical,EV sales,Cars,BEV,2015,Vehicles,3
Seychelles,Historical,EV sales,Cars,BEV,2015,Vehicles,3
United Kingdom,Historical,EV sales,Trucks,BEV,2015,Vehicles,3
Belgium,Historical,EV sales,Cars,FCEV,2015,Vehicles,2
Germany,Historical,EV sales,Vans,PHEV,2015,Vehicles,2
Japan,Historical,EV sales,Buses,BEV,2015,Vehicles,2
Korea,Historical,EV sales,Buses,BEV,2015,Vehicles,2
Poland,Historical,EV sales,Vans,PHEV,2015,Vehicles,2
Spain,Historical,EV sales,Buses,BEV,2015,Vehicles,2
Canada,Historical,EV sales,Vans,BEV,2015,Vehicles,1
France,Historical,EV sales,Trucks,BEV,2015,Vehicles,1
Italy,Historical,EV sales,Cars,FCEV,2015,Vehicles,1
Sweden,Historical,EV sales,Cars,FCEV,2015,Vehicles,1
China,Historical,EV sales,Cars,BEV,2016,Vehicles,260000
USA,Historical,EV sales,Cars,BEV,2016,Vehicles,87000
China,Historical,EV sales,Cars,PHEV,2016,Vehicles,79000
China,Historical,EV sales,Buses,BEV,2016,Vehicles,76000
USA,Historical,EV sales,Cars,PHEV,2016,Vehicles,73000
EU27,Historical,EV sales,Cars,PHEV,2016,Vehicles,65000
EU27,Historical,EV sales,Cars,BEV,2016,Vehicles,54000
China,Historical,EV sales,Trucks,BEV,2016,Vehicles,46000
United Kingdom,Historical,EV sales,Cars,PHEV,2016,Vehicles,29000
Norway,Historical,EV sales,Cars,BEV,2016,Vehicles,24000
France,Historical,EV sales,Cars,BEV,2016,Vehicles,23000
Norway,Historical,EV sales,Cars,PHEV,2016,Vehicles,21000
Netherlands,Historical,EV sales,Cars,PHEV,2016,Vehicles,18000
Japan,Historical,EV sales,Cars,BEV,2016,Vehicles,15000
Germany,Historical,EV sales,Cars,PHEV,2016,Vehicles,13000
China,Historical,EV sales,Vans,BEV,2016,Vehicles,11000
Germany,Historical,EV sales,Cars,BEV,2016,Vehicles,11000
EU27,Historical,EV sales,Vans,BEV,2016,Vehicles,10000
Sweden,Historical,EV sales,Cars,PHEV,2016,Vehicles,10000
United Kingdom,Historical,EV sales,Cars,BEV,2016,Vehicles,10000
Japan,Historical,EV sales,Cars,PHEV,2016,Vehicles,9400
China,Historical,EV sales,Buses,PHEV,2016,Vehicles,7600
France,Historical,EV sales,Cars,PHEV,2016,Vehicles,7600
Belgium,Historical,EV sales,Cars,PHEV,2016,Vehicles,7100
Canada,Historical,EV sales,Cars,PHEV,2016,Vehicles,6400
France,Historical,EV sales,Vans,BEV,2016,Vehicles,5500
Canada,Historical,EV sales,Cars,BEV,2016,Vehicles,5200
Korea,Historical,EV sales,Cars,BEV,2016,Vehicles,4700
Netherlands,Historical,EV sales,Cars,BEV,2016,Vehicles,4000
Austria,Historical,EV sales,Cars,BEV,2016,Vehicles,3800
Switzerland,Historical,EV sales,Cars,BEV,2016,Vehicles,3300
Sweden,Historical,EV sales,Cars,BEV,2016,Vehicles,2900
Switzerland,Historical,EV sales,Cars,PHEV,2016,Vehicles,2800
Germany,Historical,EV sales,Vans,BEV,2016,Vehicles,2400
Belgium,Historical,EV sales,Cars,BEV,2016,Vehicles,2100
Spain,Historical,EV sales,Cars,BEV,2016,Vehicles,2000
Spain,Historical,EV sales,Cars,PHEV,2016,Vehicles,1500
Italy,Historical,EV sales,Cars,BEV,2016,Vehicles,1400
Denmark,Historical,EV sales,Cars,BEV,2016,Vehicles,1300
Italy,Historical,EV sales,Cars,PHEV,2016,Vehicles,1300
Austria,Historical,EV sales,Cars,PHEV,2016,Vehicles,1200
Finland,Historical,EV sales,Cars,PHEV,2016,Vehicles,1200
New Zealand,Historical,EV sales,Cars,BEV,2016,Vehicles,1200
Japan,Historical,EV sales,Cars,FCEV,2016,Vehicles,1100
USA,Historical,EV sales,Cars,FCEV,2016,Vehicles,1100
Portugal,Historical,EV sales,Cars,PHEV,2016,Vehicles,1000
United Kingdom,Historical,EV sales,Vans,BEV,2016,Vehicles,1000
Portugal,Historical,EV sales,Cars,BEV,2016,Vehicles,800
Iceland,Historical,EV sales,Cars,PHEV,2016,Vehicles,780
Italy,Historical,EV sales,Vans,BEV,2016,Vehicles,780
India,Historical,EV sales,Cars,BEV,2016,Vehicles,730
Spain,Historical,EV sales,Vans,BEV,2016,Vehicles,720
Australia,Historical,EV sales,Cars,PHEV,2016,Vehicles,700
Australia,Historical,EV sales,Cars,BEV,2016,Vehicles,670
Norway,Historical,EV sales,Vans,BEV,2016,Vehicles,640
Denmark,Historical,EV sales,Cars,PHEV,2016,Vehicles,570
Mexico,Historical,EV sales,Cars,PHEV,2016,Vehicles,520
USA,Historical,EV sales,Buses,BEV,2016,Vehicles,500
EU27,Historical,EV sales,Buses,BEV,2016,Vehicles,470
Poland,Historical,EV sales,Cars,PHEV,2016,Vehicles,400
Ireland,Historical,EV sales,Cars,BEV,2016,Vehicles,390
Iceland,Historical,EV sales,Cars,BEV,2016,Vehicles,380
New Zealand,Historical,EV sales,Cars,PHEV,2016,Vehicles,340
Korea,Historical,EV sales,Cars,PHEV,2016,Vehicles,330
Japan,Historical,EV sales,Vans,BEV,2016,Vehicles,320
Ireland,Historical,EV sales,Cars,PHEV,2016,Vehicles,300
Netherlands,Historical,EV sales,Vans,BEV,2016,Vehicles,290
South Africa,Historical,EV sales,Cars,PHEV,2016,Vehicles,280
Mexico,Historical,EV sales,Cars,BEV,2016,Vehicles,250
Finland,Historical,EV sales,Cars,BEV,2016,Vehicles,220
Czech Republic,Historical,EV sales,Cars,BEV,2016,Vehicles,200
India,Historical,EV sales,Vans,BEV,2016,Vehicles,180
Hungary,Historical,EV sales,Cars,BEV,2016,Vehicles,170
Hungary,Historical,EV sales,Cars,PHEV,2016,Vehicles,170
EU27,Historical,EV sales,Buses,PHEV,2016,Vehicles,150
Belgium,Historical,EV sales,Vans,BEV,2016,Vehicles,140
Slovenia,Historical,EV sales,Cars,BEV,2016,Vehicles,140
United Kingdom,Historical,EV sales,Buses,PHEV,2016,Vehicles,140
Brazil,Historical,EV sales,Cars,BEV,2016,Vehicles,130
EU27,Historical,EV sales,Cars,FCEV,2016,Vehicles,130
Germany,Historical,EV sales,Buses,PHEV,2016,Vehicles,120
Germany,Historical,EV sales,Buses,BEV,2016,Vehicles,110
Poland,Historical,EV sales,Cars,BEV,2016,Vehicles,110
South Africa,Historical,EV sales,Cars,BEV,2016,Vehicles,100
EU27,Historical,EV sales,Vans,FCEV,2016,Vehicles,99
France,Historical,EV sales,Vans,FCEV,2016,Vehicles,99
Switzerland,Historical,EV sales,Vans,BEV,2016,Vehicles,85
Turkiye,Historical,EV sales,Cars,PHEV,2016,Vehicles,83
Denmark,Historical,EV sales,Vans,PHEV,2016,Vehicles,81
EU27,Historical,EV sales,Vans,PHEV,2016,Vehicles,81
Netherlands,Historical,EV sales,Buses,BEV,2016,Vehicles,80
United Kingdom,Historical,EV sales,Vans,PHEV,2016,Vehicles,78
France,Historical,EV sales,Buses,BEV,2016,Vehicles,74
Romania,Historical,EV sales,Cars,BEV,2016,Vehicles,74
Lithuania,Historical,EV sales,Cars,BEV,2016,Vehicles,64
Israel,Historical,EV sales,Cars,PHEV,2016,Vehicles,63
Slovakia,Historical,EV sales,Cars,BEV,2016,Vehicles,59
United Kingdom,Historical,EV sales,Buses,BEV,2016,Vehicles,59
Korea,Historical,EV sales,Cars,FCEV,2016,Vehicles,58
Denmark,Historical,EV sales,Vans,BEV,2016,Vehicles,57
Greece,Historical,EV sales,Cars,PHEV,2016,Vehicles,56
EU27,Historical,EV sales,Trucks,BEV,2016,Vehicles,54
Brazil,Historical,EV sales,Cars,PHEV,2016,Vehicles,47
Slovenia,Historical,EV sales,Cars,PHEV,2016,Vehicles,46
Sweden,Historical,EV sales,Vans,BEV,2016,Vehicles,45
Turkiye,Historical,EV sales,Cars,BEV,2016,Vehicles,44
Greece,Historical,EV sales,Cars,BEV,2016,Vehicles,41
Italy,Historical,EV sales,Buses,BEV,2016,Vehicles,38
Estonia,Historical,EV sales,Cars,BEV,2016,Vehicles,35
France,Historical,EV sales,Cars,FCEV,2016,Vehicles,34
Sweden,Historical,EV sales,Buses,BEV,2016,Vehicles,33
Korea,Historical,EV sales,Buses,BEV,2016,Vehicles,30
Colombia,Historical,EV sales,Cars,BEV,2016,Vehicles,28
EU27,Historical,EV sales,Buses,FCEV,2016,Vehicles,27
Spain,Historical,EV sales,Buses,BEV,2016,Vehicles,27
Netherlands,Historical,EV sales,Trucks,BEV,2016,Vehicles,26
Switzerland,Historical,EV sales,Cars,FCEV,2016,Vehicles,26
Colombia,Historical,EV sales,Cars,PHEV,2016,Vehicles,25
India,Historical,EV sales,Buses,BEV,2016,Vehicles,25
Latvia,Historical,EV sales,Cars,BEV,2016,Vehicles,22
Norway,Historical,EV sales,Cars,FCEV,2016,Vehicles,20
United Kingdom,Historical,EV sales,Buses,FCEV,2016,Vehicles,20
Chile,Historical,EV sales,Cars,BEV,2016,Vehicles,18
Latvia,Historical,EV sales,Cars,PHEV,2016,Vehicles,18
Sweden,Historical,EV sales,Buses,PHEV,2016,Vehicles,17
Germany,Historical,EV sales,Buses,FCEV,2016,Vehicles,16
Poland,Historical,EV sales,Vans,BEV,2016,Vehicles,16
Denmark,Historical,EV sales,Cars,FCEV,2016,Vehicles,14
Korea,Historical,EV sales,Vans,BEV,2016,Vehicles,14
Norway,Historical,EV sales,Buses,BEV,2016,Vehicles,13
Spain,Historical,EV sales,Trucks,BEV,2016,Vehicles,13
Costa Rica,Historical,EV sales,Cars,BEV,2016,Vehicles,12
Seychelles,Historical,EV sales,Cars,BEV,2016,Vehicles,12
United Kingdom,Historical,EV sales,Cars,FCEV,2016,Vehicles,10
Chile,Historical,EV sales,Cars,PHEV,2016,Vehicles,9
Bulgaria,Historical,EV sales,Cars,PHEV,2016,Vehicles,8
Japan,Historical,EV sales,Buses,BEV,2016,Vehicles,8
United Kingdom,Historical,EV sales,Trucks,BEV,2016,Vehicles,8
Belgium,Historical,EV sales,Cars,FCEV,2016,Vehicles,7
Netherlands,Historical,EV sales,Cars,FCEV,2016,Vehicles,7
Brazil,Historical,EV sales,Vans,BEV,2016,Vehicles,6
France,Historical,EV sales,Trucks,BEV,2016,Vehicles,6
Bulgaria,Historical,EV sales,Cars,BEV,2016,Vehicles,5
Canada,Historical,EV sales,Buses,BEV,2016,Vehicles,5
Israel,Historical,EV sales,Cars,BEV,2016,Vehicles,5
Israel,Historical,EV sales,Buses,BEV,2016,Vehicles,5
Switzerland,Historical,EV sales,Buses,FCEV,2016,Vehicles,5
Switzerland,Historical,EV sales,Buses,BEV,2016,Vehicles,5
Denmark,Historical,EV sales,Buses,BEV,2016,Vehicles,3
Sweden,Historical,EV sales,Cars,FCEV,2016,Vehicles,3
Belgium,Historical,EV sales,Trucks,BEV,2016,Vehicles,1
France,Historical,EV sales,Buses,PHEV,2016,Vehicles,1
Netherlands,Historical,EV sales,Buses,FCEV,2016,Vehicles,1
China,Historical,EV sales,Cars,BEV,2017,Vehicles,470000
China,Historical,EV sales,Cars,PHEV,2017,Vehicles,110000
USA,Historical,EV sales,Cars,BEV,2017,Vehicles,100000
USA,Historical,EV sales,Cars,PHEV,2017,Vehicles,94000
EU27,Historical,EV sales,Cars,PHEV,2017,Vehicles,89000
China,Historical,EV sales,Buses,BEV,2017,Vehicles,88000
EU27,Historical,EV sales,Cars,BEV,2017,Vehicles,85000
China,Historical,EV sales,Trucks,BEV,2017,Vehicles,71000
China,Historical,EV sales,Vans,BEV,2017,Vehicles,68000
Japan,Historical,EV sales,Cars,PHEV,2017,Vehicles,36000
United Kingdom,Historical,EV sales,Cars,PHEV,2017,Vehicles,35000
Norway,Historical,EV sales,Cars,BEV,2017,Vehicles,33000
Germany,Historical,EV sales,Cars,PHEV,2017,Vehicles,29000
Norway,Historical,EV sales,Cars,PHEV,2017,Vehicles,29000
France,Historical,EV sales,Cars,BEV,2017,Vehicles,26000
Germany,Historical,EV sales,Cars,BEV,2017,Vehicles,25000
Japan,Historical,EV sales,Cars,BEV,2017,Vehicles,18000
Sweden,Historical,EV sales,Cars,PHEV,2017,Vehicles,16000
EU27,Historical,EV sales,Vans,BEV,2017,Vehicles,14000
Korea,Historical,EV sales,Cars,BEV,2017,Vehicles,14000
United Kingdom,Historical,EV sales,Cars,BEV,2017,Vehicles,14000
Belgium,Historical,EV sales,Cars,PHEV,2017,Vehicles,12000
France,Historical,EV sales,Cars,PHEV,2017,Vehicles,12000
Canada,Historical,EV sales,Cars,BEV,2017,Vehicles,8700
Netherlands,Historical,EV sales,Cars,BEV,2017,Vehicles,8700
Canada,Historical,EV sales,Cars,PHEV,2017,Vehicles,8000
France,Historical,EV sales,Vans,BEV,2017,Vehicles,6000
Austria,Historical,EV sales,Cars,BEV,2017,Vehicles,5400
Switzerland,Historical,EV sales,Cars,BEV,2017,Vehicles,4800
Germany,Historical,EV sales,Vans,BEV,2017,Vehicles,4500
Sweden,Historical,EV sales,Cars,BEV,2017,Vehicles,4400
Spain,Historical,EV sales,Cars,BEV,2017,Vehicles,3900
Switzerland,Historical,EV sales,Cars,PHEV,2017,Vehicles,3600
Spain,Historical,EV sales,Cars,PHEV,2017,Vehicles,3500
Italy,Historical,EV sales,Cars,PHEV,2017,Vehicles,2900
New Zealand,Historical,EV sales,Cars,BEV,2017,Vehicles,2900
Belgium,Historical,EV sales,Cars,BEV,2017,Vehicles,2700
Finland,Historical,EV sales,Cars,PHEV,2017,Vehicles,2600
Netherlands,Historical,EV sales,Cars,PHEV,2017,Vehicles,2500
Portugal,Historical,EV sales,Cars,PHEV,2017,Vehicles,2500
USA,Historical,EV sales,Cars,FCEV,2017,Vehicles,2300
Iceland,Historical,EV sales,Cars,PHEV,2017,Vehicles,2200
Italy,Historical,EV sales,Cars,BEV,2017,Vehicles,2000
Portugal,Historical,EV sales,Cars,BEV,2017,Vehicles,1900
Austria,Historical,EV sales,Cars,PHEV,2017,Vehicles,1700
Israel,Historical,EV sales,Cars,PHEV,2017,Vehicles,1500
United Kingdom,Historical,EV sales,Vans,BEV,2017,Vehicles,1300
Australia,Historical,EV sales,Cars,BEV,2017,Vehicles,1200
India,Historical,EV sales,Vans,BEV,2017,Vehicles,1200
Australia,Historical,EV sales,Cars,PHEV,2017,Vehicles,1100
Mexico,Historical,EV sales,Cars,PHEV,2017,Vehicles,970
India,Historical,EV sales,Cars,BEV,2017,Vehicles,920
Japan,Historical,EV sales,Cars,FCEV,2017,Vehicles,850
Iceland,Historical,EV sales,Cars,BEV,2017,Vehicles,840
Spain,Historical,EV sales,Vans,BEV,2017,Vehicles,840
Norway,Historical,EV sales,Vans,BEV,2017,Vehicles,770
Hungary,Historical,EV sales,Cars,BEV,2017,Vehicles,750
Denmark,Historical,EV sales,Cars,BEV,2017,Vehicles,710
Korea,Historical,EV sales,Cars,PHEV,2017,Vehicles,670
Netherlands,Historical,EV sales,Vans,BEV,2017,Vehicles,650
Poland,Historical,EV sales,Cars,PHEV,2017,Vehicles,640
Denmark,Historical,EV sales,Cars,PHEV,2017,Vehicles,620
Ireland,Historical,EV sales,Cars,BEV,2017,Vehicles,620
New Zealand,Historical,EV sales,Cars,PHEV,2017,Vehicles,540
Finland,Historical,EV sales,Cars,BEV,2017,Vehicles,500
Italy,Historical,EV sales,Vans,BEV,2017,Vehicles,500
Hungary,Historical,EV sales,Cars,PHEV,2017,Vehicles,440
Poland,Historical,EV sales,Cars,BEV,2017,Vehicles,440
Czech Republic,Historical,EV sales,Cars,BEV,2017,Vehicles,390
China,Historical,EV sales,Buses,FCEV,2017,Vehicles,380
EU27,Historical,EV sales,Buses,BEV,2017,Vehicles,340
Ireland,Historical,EV sales,Cars,PHEV,2017,Vehicles,330
Japan,Historical,EV sales,Vans,BEV,2017,Vehicles,320
Brazil,Historical,EV sales,Cars,PHEV,2017,Vehicles,290
Slovenia,Historical,EV sales,Cars,BEV,2017,Vehicles,290
EU27,Historical,EV sales,Cars,FCEV,2017,Vehicles,270
China,Historical,EV sales,Buses,PHEV,2017,Vehicles,240
Mexico,Historical,EV sales,Cars,BEV,2017,Vehicles,230
Switzerland,Historical,EV sales,Vans,BEV,2017,Vehicles,220
Slovakia,Historical,EV sales,Cars,BEV,2017,Vehicles,210
Portugal,Historical,EV sales,Vans,BEV,2017,Vehicles,200
Sweden,Historical,EV sales,Vans,BEV,2017,Vehicles,200
Romania,Historical,EV sales,Cars,BEV,2017,Vehicles,190
USA,Historical,EV sales,Buses,BEV,2017,Vehicles,190
Slovenia,Historical,EV sales,Cars,PHEV,2017,Vehicles,170
Netherlands,Historical,EV sales,Buses,BEV,2017,Vehicles,150
Brazil,Historical,EV sales,Cars,BEV,2017,Vehicles,140
Greece,Historical,EV sales,Cars,PHEV,2017,Vehicles,140
Belgium,Historical,EV sales,Vans,BEV,2017,Vehicles,130
Israel,Historical,EV sales,Cars,BEV,2017,Vehicles,130
South Africa,Historical,EV sales,Cars,PHEV,2017,Vehicles,130
Chile,Historical,EV sales,Cars,BEV,2017,Vehicles,120
United Kingdom,Historical,EV sales,Vans,PHEV,2017,Vehicles,94
Colombia,Historical,EV sales,Cars,BEV,2017,Vehicles,92
Germany,Historical,EV sales,Cars,FCEV,2017,Vehicles,82
Turkiye,Historical,EV sales,Cars,BEV,2017,Vehicles,77
Korea,Historical,EV sales,Cars,FCEV,2017,Vehicles,75
Denmark,Historical,EV sales,Vans,BEV,2017,Vehicles,70
Bulgaria,Historical,EV sales,Cars,BEV,2017,Vehicles,68
South Africa,Historical,EV sales,Cars,BEV,2017,Vehicles,68
Colombia,Historical,EV sales,Cars,PHEV,2017,Vehicles,56
Lithuania,Historical,EV sales,Cars,BEV,2017,Vehicles,52
Greece,Historical,EV sales,Cars,BEV,2017,Vehicles,50
Finland,Historical,EV sales,Vans,BEV,2017,Vehicles,49
France,Historical,EV sales,Cars,FCEV,2017,Vehicles,46
EU27,Historical,EV sales,Trucks,BEV,2017,Vehicles,43
Israel,Historical,EV sales,Buses,BEV,2017,Vehicles,40
United Kingdom,Historical,EV sales,Buses,BEV,2017,Vehicles,39
Bulgaria,Historical,EV sales,Cars,PHEV,2017,Vehicles,38
EU27,Historical,EV sales,Buses,PHEV,2017,Vehicles,34
Turkiye,Historical,EV sales,Cars,PHEV,2017,Vehicles,34
United Kingdom,Historical,EV sales,Cars,FCEV,2017,Vehicles,34
Norway,Historical,EV sales,Cars,FCEV,2017,Vehicles,30
Seychelles,Historical,EV sales,Cars,BEV,2017,Vehicles,30
Germany,Historical,EV sales,Buses,BEV,2017,Vehicles,29
Italy,Historical,EV sales,Buses,BEV,2017,Vehicles,29
Poland,Historical,EV sales,Vans,BEV,2017,Vehicles,28
EU27,Historical,EV sales,Vans,PHEV,2017,Vehicles,27
Estonia,Historical,EV sales,Cars,BEV,2017,Vehicles,26
EU27,Historical,EV sales,Vans,FCEV,2017,Vehicles,26
Costa Rica,Historical,EV sales,Cars,BEV,2017,Vehicles,25
France,Historical,EV sales,Vans,FCEV,2017,Vehicles,25
Denmark,Historical,EV sales,Vans,PHEV,2017,Vehicles,24
Latvia,Historical,EV sales,Cars,BEV,2017,Vehicles,22
Estonia,Historical,EV sales,Cars,PHEV,2017,Vehicles,20
India,Historical,EV sales,Buses,BEV,2017,Vehicles,20
Brazil,Historical,EV sales,Vans,BEV,2017,Vehicles,18
Latvia,Historical,EV sales,Cars,PHEV,2017,Vehicles,18
Netherlands,Historical,EV sales,Trucks,BEV,2017,Vehicles,18
Norway,Historical,EV sales,Buses,BEV,2017,Vehicles,18
United Kingdom,Historical,EV sales,Buses,PHEV,2017,Vehicles,18
France,Historical,EV sales,Buses,BEV,2017,Vehicles,17
France,Historical,EV sales,Trucks,BEV,2017,Vehicles,16
Chile,Historical,EV sales,Cars,PHEV,2017,Vehicles,15
Denmark,Historical,EV sales,Cars,FCEV,2017,Vehicles,15
Sweden,Historical,EV sales,Cars,FCEV,2017,Vehicles,14
Sweden,Historical,EV sales,Buses,BEV,2017,Vehicles,12
Belgium,Historical,EV sales,Cars,FCEV,2017,Vehicles,11
Canada,Historical,EV sales,Buses,BEV,2017,Vehicles,11
EU27,Historical,EV sales,Buses,FCEV,2017,Vehicles,11
Japan,Historical,EV sales,Buses,BEV,2017,Vehicles,10
Germany,Historical,EV sales,Buses,FCEV,2017,Vehicles,8
Spain,Historical,EV sales,Buses,BEV,2017,Vehicles,8
Netherlands,Historical,EV sales,Cars,FCEV,2017,Vehicles,7
Spain,Historical,EV sales,Buses,PHEV,2017,Vehicles,5
United Kingdom,Historical,EV sales,Buses,FCEV,2017,Vehicles,5
United Kingdom,Historical,EV sales,Trucks,BEV,2017,Vehicles,4
Brazil,Historical,EV sales,Buses,BEV,2017,Vehicles,3
Netherlands,Historical,EV sales,Buses,FCEV,2017,Vehicles,3
Austria,Historical,EV sales,Cars,FCEV,2017,Vehicles,2
Belgium,Historical,EV sales,Buses,PHEV,2017,Vehicles,2
EU27,Historical,EV sales,Trucks,PHEV,2017,Vehicles,2
Finland,Historical,EV sales,Buses,BEV,2017,Vehicles,2
Finland,Historical,EV sales,Trucks,BEV,2017,Vehicles,2
Italy,Historical,EV sales,Vans,PHEV,2017,Vehicles,2
Netherlands,Historical,EV sales,Trucks,PHEV,2017,Vehicles,2
Norway,Historical,EV sales,Trucks,BEV,2017,Vehicles,2
Portugal,Historical,EV sales,Buses,PHEV,2017,Vehicles,2
Spain,Historical,EV sales,Trucks,BEV,2017,Vehicles,2
Switzerland,Historical,EV sales,Buses,BEV,2017,Vehicles,2
Belgium,Historical,EV sales,Vans,PHEV,2017,Vehicles,1
Denmark,Historical,EV sales,Trucks,BEV,2017,Vehicles,1
Netherlands,Historical,EV sales,Vans,FCEV,2017,Vehicles,1
New Zealand,Historical,EV sales,Buses,BEV,2017,Vehicles,1
Switzerland,Historical,EV sales,Cars,FCEV,2017,Vehicles,1
China,Historical,EV sales,Cars,BEV,2018,Vehicles,820000
China,Historical,EV sales,Cars,PHEV,2018,Vehicles,270000
USA,Historical,EV sales,Cars,BEV,2018,Vehicles,240000
EU27,Historical,EV sales,Cars,BEV,2018,Vehicles,140000
USA,Historical,EV sales,Cars,PHEV,2018,Vehicles,120000
EU27,Historical,EV sales,Cars,PHEV,2018,Vehicles,110000
China,Historical,EV sales,Buses,BEV,2018,Vehicles,83000
Korea,Historical,EV sales,Cars,BEV,2018,Vehicles,55000
China,Historical,EV sales,Vans,BEV,2018,Vehicles,54000
Norway,Historical,EV sales,Cars,BEV,2018,Vehicles,46000
United Kingdom,Historical,EV sales,Cars,PHEV,2018,Vehicles,46000
China,Historical,EV sales,Trucks,BEV,2018,Vehicles,36000
Germany,Historical,EV sales,Cars,BEV,2018,Vehicles,36000
France,Historical,EV sales,Cars,BEV,2018,Vehicles,33000
Germany,Historical,EV sales,Cars,PHEV,2018,Vehicles,31000
Japan,Historical,EV sales,Cars,BEV,2018,Vehicles,27000
Norway,Historical,EV sales,Cars,PHEV,2018,Vehicles,27000
Netherlands,Historical,EV sales,Cars,BEV,2018,Vehicles,25000
Canada,Historical,EV sales,Cars,BEV,2018,Vehicles,23000
Japan,Historical,EV sales,Cars,PHEV,2018,Vehicles,23000
Sweden,Historical,EV sales,Cars,PHEV,2018,Vehicles,22000
Canada,Historical,EV sales,Cars,PHEV,2018,Vehicles,21000
EU27,Historical,EV sales,Vans,BEV,2018,Vehicles,20000
United Kingdom,Historical,EV sales,Cars,BEV,2018,Vehicles,16000
France,Historical,EV sales,Cars,PHEV,2018,Vehicles,15000
Belgium,Historical,EV sales,Cars,PHEV,2018,Vehicles,9600
France,Historical,EV sales,Vans,BEV,2018,Vehicles,8200
Sweden,Historical,EV sales,Cars,BEV,2018,Vehicles,7100
Austria,Historical,EV sales,Cars,BEV,2018,Vehicles,6800
Germany,Historical,EV sales,Vans,BEV,2018,Vehicles,6000
Spain,Historical,EV sales,Cars,BEV,2018,Vehicles,6000
Spain,Historical,EV sales,Cars,PHEV,2018,Vehicles,5600
Netherlands,Historical,EV sales,Cars,PHEV,2018,Vehicles,5100
Switzerland,Historical,EV sales,Cars,BEV,2018,Vehicles,5100
Italy,Historical,EV sales,Cars,BEV,2018,Vehicles,5000
Finland,Historical,EV sales,Cars,PHEV,2018,Vehicles,4900
Italy,Historical,EV sales,Cars,PHEV,2018,Vehicles,4700
Korea,Historical,EV sales,Cars,PHEV,2018,Vehicles,4400
New Zealand,Historical,EV sales,Cars,BEV,2018,Vehicles,4400
Switzerland,Historical,EV sales,Cars,PHEV,2018,Vehicles,4400
Portugal,Historical,EV sales,Cars,BEV,2018,Vehicles,4300
Portugal,Historical,EV sales,Cars,PHEV,2018,Vehicles,3900
Belgium,Historical,EV sales,Cars,BEV,2018,Vehicles,3600
Israel,Historical,EV sales,Cars,PHEV,2018,Vehicles,3600
Denmark,Historical,EV sales,Cars,PHEV,2018,Vehicles,3100
Iceland,Historical,EV sales,Cars,PHEV,2018,Vehicles,2900
USA,Historical,EV sales,Cars,FCEV,2018,Vehicles,2700
Austria,Historical,EV sales,Cars,PHEV,2018,Vehicles,2300
Australia,Historical,EV sales,Cars,BEV,2018,Vehicles,1800
Australia,Historical,EV sales,Cars,PHEV,2018,Vehicles,1800
Norway,Historical,EV sales,Vans,BEV,2018,Vehicles,1800
Spain,Historical,EV sales,Vans,BEV,2018,Vehicles,1800
Mexico,Historical,EV sales,Cars,PHEV,2018,Vehicles,1600
Denmark,Historical,EV sales,Cars,BEV,2018,Vehicles,1500
India,Historical,EV sales,Vans,BEV,2018,Vehicles,1500
United Kingdom,Historical,EV sales,Vans,BEV,2018,Vehicles,1500
Hungary,Historical,EV sales,Cars,BEV,2018,Vehicles,1300
China,Historical,EV sales,Buses,PHEV,2018,Vehicles,1200
Ireland,Historical,EV sales,Cars,BEV,2018,Vehicles,1200
New Zealand,Historical,EV sales,Cars,PHEV,2018,Vehicles,1200
Netherlands,Historical,EV sales,Vans,BEV,2018,Vehicles,1000
India,Historical,EV sales,Cars,BEV,2018,Vehicles,920
Korea,Historical,EV sales,Cars,FCEV,2018,Vehicles,910
China,Historical,EV sales,Buses,FCEV,2018,Vehicles,890
Finland,Historical,EV sales,Cars,BEV,2018,Vehicles,780
Iceland,Historical,EV sales,Cars,BEV,2018,Vehicles,780
Hungary,Historical,EV sales,Cars,PHEV,2018,Vehicles,770
Poland,Historical,EV sales,Cars,PHEV,2018,Vehicles,760
Sweden,Historical,EV sales,Vans,BEV,2018,Vehicles,760
Ireland,Historical,EV sales,Cars,PHEV,2018,Vehicles,740
Czech Republic,Historical,EV sales,Cars,BEV,2018,Vehicles,700
Italy,Historical,EV sales,Vans,BEV,2018,Vehicles,640
EU27,Historical,EV sales,Buses,BEV,2018,Vehicles,620
Poland,Historical,EV sales,Cars,BEV,2018,Vehicles,620
USA,Historical,EV sales,Buses,BEV,2018,Vehicles,620
Japan,Historical,EV sales,Cars,FCEV,2018,Vehicles,610
Romania,Historical,EV sales,Cars,BEV,2018,Vehicles,600
Slovenia,Historical,EV sales,Cars,BEV,2018,Vehicles,470
China,Historical,EV sales,Trucks,FCEV,2018,Vehicles,400
EU27,Historical,EV sales,Trucks,BEV,2018,Vehicles,380
Colombia,Historical,EV sales,Cars,PHEV,2018,Vehicles,320
Korea,Historical,EV sales,Vans,BEV,2018,Vehicles,300
Switzerland,Historical,EV sales,Vans,BEV,2018,Vehicles,300
Slovakia,Historical,EV sales,Cars,BEV,2018,Vehicles,290
Czech Republic,Historical,EV sales,Cars,PHEV,2018,Vehicles,280
Germany,Historical,EV sales,Trucks,BEV,2018,Vehicles,280
Japan,Historical,EV sales,Vans,BEV,2018,Vehicles,280
Belgium,Historical,EV sales,Vans,BEV,2018,Vehicles,260
Portugal,Historical,EV sales,Vans,BEV,2018,Vehicles,260
Colombia,Historical,EV sales,Cars,BEV,2018,Vehicles,250
Brazil,Historical,EV sales,Cars,PHEV,2018,Vehicles,230
Denmark,Historical,EV sales,Vans,BEV,2018,Vehicles,220
Greece,Historical,EV sales,Cars,PHEV,2018,Vehicles,210
India,Historical,EV sales,Buses,BEV,2018,Vehicles,210
Costa Rica,Historical,EV sales,Cars,BEV,2018,Vehicles,200
Mexico,Historical,EV sales,Cars,BEV,2018,Vehicles,200
Bulgaria,Historical,EV sales,Cars,BEV,2018,Vehicles,190
Slovenia,Historical,EV sales,Cars,PHEV,2018,Vehicles,190
Turkiye,Historical,EV sales,Cars,BEV,2018,Vehicles,190
Brazil,Historical,EV sales,Cars,BEV,2018,Vehicles,180
EU27,Historical,EV sales,Cars,FCEV,2018,Vehicles,160
United Kingdom,Historical,EV sales,Vans,PHEV,2018,Vehicles,150
Lithuania,Historical,EV sales,Cars,BEV,2018,Vehicles,140
Israel,Historical,EV sales,Cars,BEV,2018,Vehicles,130
Germany,Historical,EV sales,Cars,FCEV,2018,Vehicles,110
Netherlands,Historical,EV sales,Buses,BEV,2018,Vehicles,110
Chile,Historical,EV sales,Cars,BEV,2018,Vehicles,100
France,Historical,EV sales,Buses,BEV,2018,Vehicles,95
EU27,Historical,EV sales,Vans,FCEV,2018,Vehicles,94
France,Historical,EV sales,Vans,FCEV,2018,Vehicles,92
United Kingdom,Historical,EV sales,Buses,BEV,2018,Vehicles,89
Greece,Historical,EV sales,Cars,BEV,2018,Vehicles,88
Estonia,Historical,EV sales,Cars,BEV,2018,Vehicles,85
South Africa,Historical,EV sales,Cars,PHEV,2018,Vehicles,82
Latvia,Historical,EV sales,Cars,BEV,2018,Vehicles,73
Chile,Historical,EV sales,Cars,PHEV,2018,Vehicles,68
South Africa,Historical,EV sales,Cars,BEV,2018,Vehicles,66
United Kingdom,Historical,EV sales,Buses,PHEV,2018,Vehicles,65
Poland,Historical,EV sales,Buses,BEV,2018,Vehicles,63
Italy,Historical,EV sales,Buses,BEV,2018,Vehicles,60
United Arab Emirates,Historical,EV sales,Cars,PHEV,2018,Vehicles,60
United Arab Emirates,Historical,EV sales,Cars,BEV,2018,Vehicles,59
Finland,Historical,EV sales,Vans,BEV,2018,Vehicles,55
EU27,Historical,EV sales,Buses,PHEV,2018,Vehicles,54
Korea,Historical,EV sales,Buses,BEV,2018,Vehicles,50
Norway,Historical,EV sales,Cars,FCEV,2018,Vehicles,45
Turkiye,Historical,EV sales,Cars,PHEV,2018,Vehicles,45
Germany,Historical,EV sales,Buses,BEV,2018,Vehicles,43
EU27,Historical,EV sales,Vans,PHEV,2018,Vehicles,42
Poland,Historical,EV sales,Vans,BEV,2018,Vehicles,42
Brazil,Historical,EV sales,Trucks,BEV,2018,Vehicles,40
Poland,Historical,EV sales,Buses,PHEV,2018,Vehicles,38
Sweden,Historical,EV sales,Buses,BEV,2018,Vehicles,36
United Kingdom,Historical,EV sales,Cars,FCEV,2018,Vehicles,36
Estonia,Historical,EV sales,Cars,PHEV,2018,Vehicles,33
Seychelles,Historical,EV sales,Cars,BEV,2018,Vehicles,32
Denmark,Historical,EV sales,Vans,PHEV,2018,Vehicles,31
Netherlands,Historical,EV sales,Trucks,BEV,2018,Vehicles,30
Spain,Historical,EV sales,Buses,BEV,2018,Vehicles,30
Bulgaria,Historical,EV sales,Cars,PHEV,2018,Vehicles,26
France,Historical,EV sales,Trucks,BEV,2018,Vehicles,26
Israel,Historical,EV sales,Buses,BEV,2018,Vehicles,23
Switzerland,Historical,EV sales,Cars,FCEV,2018,Vehicles,22
Canada,Historical,EV sales,Buses,BEV,2018,Vehicles,19
Brazil,Historical,EV sales,Buses,BEV,2018,Vehicles,18
Switzerland,Historical,EV sales,Buses,BEV,2018,Vehicles,18
Latvia,Historical,EV sales,Cars,PHEV,2018,Vehicles,17
Iceland,Historical,EV sales,Cars,FCEV,2018,Vehicles,16
Belgium,Historical,EV sales,Buses,BEV,2018,Vehicles,14
Belgium,Historical,EV sales,Cars,FCEV,2018,Vehicles,13
Netherlands,Historical,EV sales,Cars,FCEV,2018,Vehicles,13
Norway,Historical,EV sales,Buses,BEV,2018,Vehicles,12
United Kingdom,Historical,EV sales,Trucks,BEV,2018,Vehicles,12
New Zealand,Historical,EV sales,Buses,BEV,2018,Vehicles,11
France,Historical,EV sales,Cars,FCEV,2018,Vehicles,10
Japan,Historical,EV sales,Buses,BEV,2018,Vehicles,10
Portugal,Historical,EV sales,Buses,BEV,2018,Vehicles,10
Switzerland,Historical,EV sales,Buses,FCEV,2018,Vehicles,10
United Kingdom,Historical,EV sales,Buses,FCEV,2018,Vehicles,10
Sweden,Historical,EV sales,Vans,PHEV,2018,Vehicles,9
Spain,Historical,EV sales,Buses,PHEV,2018,Vehicles,8
Austria,Historical,EV sales,Cars,FCEV,2018,Vehicles,7
Canada,Historical,EV sales,Trucks,BEV,2018,Vehicles,7
Brazil,Historical,EV sales,Vans,BEV,2018,Vehicles,5
Denmark,Historical,EV sales,Cars,FCEV,2018,Vehicles,5
Japan,Historical,EV sales,Trucks,BEV,2018,Vehicles,5
Sweden,Historical,EV sales,Trucks,BEV,2018,Vehicles,4
Denmark,Historical,EV sales,Trucks,BEV,2018,Vehicles,3
Belgium,Historical,EV sales,Vans,PHEV,2018,Vehicles,2
Denmark,Historical,EV sales,Buses,BEV,2018,Vehicles,2
Korea,Historical,EV sales,Vans,FCEV,2018,Vehicles,2
Netherlands,Historical,EV sales,Vans,FCEV,2018,Vehicles,2
Belgium,Historical,EV sales,Trucks,BEV,2018,Vehicles,1
EU27,Historical,EV sales,Trucks,PHEV,2018,Vehicles,1
Finland,Historical,EV sales,Buses,BEV,2018,Vehicles,1
Italy,Historical,EV sales,Cars,FCEV,2018,Vehicles,1
Netherlands,Historical,EV sales,Trucks,PHEV,2018,Vehicles,1
Poland,Historical,EV sales,Cars,FCEV,2018,Vehicles,1
Spain,Historical,EV sales,Cars,FCEV,2018,Vehicles,1
China,Historical,EV sales,Cars,BEV,2019,Vehicles,830000
EU27,Historical,EV sales,Cars,BEV,2019,Vehicles,250000
USA,Historical,EV sales,Cars,BEV,2019,Vehicles,240000
China,Historical,EV sales,Cars,PHEV,2019,Vehicles,230000
EU27,Historical,EV sales,Cars,PHEV,2019,Vehicles,140000
USA,Historical,EV sales,Cars,PHEV,2019,Vehicles,85000
China,Historical,EV sales,Buses,BEV,2019,Vehicles,68000
Germany,Historical,EV sales,Cars,BEV,2019,Vehicles,63000
Netherlands,Historical,EV sales,Cars,BEV,2019,Vehicles,63000
Norway,Historical,EV sales,Cars,BEV,2019,Vehicles,60000
France,Historical,EV sales,Cars,BEV,2019,Vehicles,45000
Germany,Historical,EV sales,Cars,PHEV,2019,Vehicles,45000
United Kingdom,Historical,EV sales,Cars,BEV,2019,Vehicles,38000
United Kingdom,Historical,EV sales,Cars,PHEV,2019,Vehicles,37000
Korea,Historical,EV sales,Cars,BEV,2019,Vehicles,33000
Canada,Historical,EV sales,Cars,BEV,2019,Vehicles,32000
China,Historical,EV sales,Vans,BEV,2019,Vehicles,27000
Sweden,Historical,EV sales,Cars,PHEV,2019,Vehicles,25000
China,Historical,EV sales,Trucks,BEV,2019,Vehicles,24000
EU27,Historical,EV sales,Vans,BEV,2019,Vehicles,23000
Japan,Historical,EV sales,Cars,BEV,2019,Vehicles,21000
Canada,Historical,EV sales,Cars,PHEV,2019,Vehicles,19000
France,Historical,EV sales,Cars,PHEV,2019,Vehicles,19000
Norway,Historical,EV sales,Cars,PHEV,2019,Vehicles,19000
Japan,Historical,EV sales,Cars,PHEV,2019,Vehicles,18000
Sweden,Historical,EV sales,Cars,BEV,2019,Vehicles,16000
Switzerland,Historical,EV sales,Cars,BEV,2019,Vehicles,13000
Italy,Historical,EV sales,Cars,BEV,2019,Vehicles,11000
Spain,Historical,EV sales,Cars,BEV,2019,Vehicles,10000
Austria,Historical,EV sales,Cars,BEV,2019,Vehicles,9300
Belgium,Historical,EV sales,Cars,PHEV,2019,Vehicles,8900
Belgium,Historical,EV sales,Cars,BEV,2019,Vehicles,8800
France,Historical,EV sales,Vans,BEV,2019,Vehicles,8100
Spain,Historical,EV sales,Cars,PHEV,2019,Vehicles,7400
Portugal,Historical,EV sales,Cars,BEV,2019,Vehicles,6800
Germany,Historical,EV sales,Vans,BEV,2019,Vehicles,6700
Netherlands,Historical,EV sales,Cars,PHEV,2019,Vehicles,6700
Italy,Historical,EV sales,Cars,PHEV,2019,Vehicles,6500
Australia,Historical,EV sales,Cars,BEV,2019,Vehicles,6300
Finland,Historical,EV sales,Cars,PHEV,2019,Vehicles,6000
Portugal,Historical,EV sales,Cars,PHEV,2019,Vehicles,5800
Denmark,Historical,EV sales,Cars,BEV,2019,Vehicles,5500
New Zealand,Historical,EV sales,Cars,BEV,2019,Vehicles,5300
Switzerland,Historical,EV sales,Cars,PHEV,2019,Vehicles,4300
Korea,Historical,EV sales,Cars,FCEV,2019,Vehicles,4200
Denmark,Historical,EV sales,Cars,PHEV,2019,Vehicles,3900
Israel,Historical,EV sales,Cars,PHEV,2019,Vehicles,3900
United Kingdom,Historical,EV sales,Vans,BEV,2019,Vehicles,3500
Ireland,Historical,EV sales,Cars,BEV,2019,Vehicles,3400
Australia,Historical,EV sales,Cars,PHEV,2019,Vehicles,2900
Korea,Historical,EV sales,Cars,PHEV,2019,Vehicles,2700
Austria,Historical,EV sales,Cars,PHEV,2019,Vehicles,2200
China,Historical,EV sales,Trucks,FCEV,2019,Vehicles,2000
Iceland,Historical,EV sales,Cars,PHEV,2019,Vehicles,2000
Norway,Historical,EV sales,Vans,BEV,2019,Vehicles,2000
USA,Historical,EV sales,Cars,FCEV,2019,Vehicles,2000
Finland,Historical,EV sales,Cars,BEV,2019,Vehicles,1900
Spain,Historical,EV sales,Vans,BEV,2019,Vehicles,1900
Hungary,Historical,EV sales,Cars,BEV,2019,Vehicles,1800
EU27,Historical,EV sales,Buses,BEV,2019,Vehicles,1600
New Zealand,Historical,EV sales,Cars,PHEV,2019,Vehicles,1600
Korea,Historical,EV sales,Vans,BEV,2019,Vehicles,1500
Poland,Historical,EV sales,Cars,BEV,2019,Vehicles,1500
Romania,Historical,EV sales,Cars,BEV,2019,Vehicles,1500
Brazil,Historical,EV sales,Cars,PHEV,2019,Vehicles,1400
Mexico,Historical,EV sales,Cars,PHEV,2019,Vehicles,1400
Netherlands,Historical,EV sales,Vans,BEV,2019,Vehicles,1400
Sweden,Historical,EV sales,Vans,BEV,2019,Vehicles,1400
China,Historical,EV sales,Buses,PHEV,2019,Vehicles,1300
Ireland,Historical,EV sales,Cars,PHEV,2019,Vehicles,1300
Poland,Historical,EV sales,Cars,PHEV,2019,Vehicles,1200
China,Historical,EV sales,Buses,FCEV,2019,Vehicles,1100
Hungary,Historical,EV sales,Cars,PHEV,2019,Vehicles,1100
Iceland,Historical,EV sales,Cars,BEV,2019,Vehicles,1100
Italy,Historical,EV sales,Vans,BEV,2019,Vehicles,1000
Luxembourg,Historical,EV sales,Cars,BEV,2019,Vehicles,990
Luxembourg,Historical,EV sales,Cars,PHEV,2019,Vehicles,910
Colombia,Historical,EV sales,Cars,BEV,2019,Vehicles,870
Israel,Historical,EV sales,Cars,BEV,2019,Vehicles,850
EU27,Historical,EV sales,Trucks,BEV,2019,Vehicles,800
India,Historical,EV sales,Vans,BEV,2019,Vehicles,790
Czech Republic,Historical,EV sales,Cars,BEV,2019,Vehicles,760
India,Historical,EV sales,Cars,BEV,2019,Vehicles,680
Japan,Historical,EV sales,Cars,FCEV,2019,Vehicles,670
Germany,Historical,EV sales,Trucks,BEV,2019,Vehicles,620
Switzerland,Historical,EV sales,Vans,BEV,2019,Vehicles,580
USA,Historical,EV sales,Buses,BEV,2019,Vehicles,560
Brazil,Historical,EV sales,Cars,BEV,2019,Vehicles,540
Japan,Historical,EV sales,Vans,BEV,2019,Vehicles,520
EU27,Historical,EV sales,Cars,FCEV,2019,Vehicles,480
Czech Republic,Historical,EV sales,Cars,PHEV,2019,Vehicles,470
Costa Rica,Historical,EV sales,Cars,BEV,2019,Vehicles,460
India,Historical,EV sales,Buses,BEV,2019,Vehicles,460
Colombia,Historical,EV sales,Cars,PHEV,2019,Vehicles,450
Belgium,Historical,EV sales,Vans,BEV,2019,Vehicles,400
Netherlands,Historical,EV sales,Buses,BEV,2019,Vehicles,380
Greece,Historical,EV sales,Cars,PHEV,2019,Vehicles,290
Mexico,Historical,EV sales,Cars,BEV,2019,Vehicles,290
France,Historical,EV sales,Buses,BEV,2019,Vehicles,280
Denmark,Historical,EV sales,Vans,BEV,2019,Vehicles,270
Portugal,Historical,EV sales,Vans,BEV,2019,Vehicles,230
Turkiye,Historical,EV sales,Cars,BEV,2019,Vehicles,230
United Kingdom,Historical,EV sales,Vans,PHEV,2019,Vehicles,210
Germany,Historical,EV sales,Cars,FCEV,2019,Vehicles,200
Slovakia,Historical,EV sales,Cars,PHEV,2019,Vehicles,200
Croatia,Historical,EV sales,Cars,BEV,2019,Vehicles,190
Germany,Historical,EV sales,Buses,BEV,2019,Vehicles,190
Greece,Historical,EV sales,Cars,BEV,2019,Vehicles,190
Slovenia,Historical,EV sales,Cars,BEV,2019,Vehicles,190
Bulgaria,Historical,EV sales,Cars,BEV,2019,Vehicles,180
Chile,Historical,EV sales,Cars,BEV,2019,Vehicles,160
Lithuania,Historical,EV sales,Cars,BEV,2019,Vehicles,160
Netherlands,Historical,EV sales,Cars,FCEV,2019,Vehicles,160
Norway,Historical,EV sales,Buses,BEV,2019,Vehicles,160
Slovakia,Historical,EV sales,Cars,BEV,2019,Vehicles,160
South Africa,Historical,EV sales,Cars,BEV,2019,Vehicles,160
Chile,Historical,EV sales,Cars,PHEV,2019,Vehicles,140
Netherlands,Historical,EV sales,Trucks,BEV,2019,Vehicles,130
Poland,Historical,EV sales,Vans,BEV,2019,Vehicles,130
United Kingdom,Historical,EV sales,Buses,BEV,2019,Vehicles,120
Korea,Historical,EV sales,Buses,BEV,2019,Vehicles,110
Denmark,Historical,EV sales,Buses,BEV,2019,Vehicles,100
Spain,Historical,EV sales,Buses,BEV,2019,Vehicles,100
Sweden,Historical,EV sales,Buses,BEV,2019,Vehicles,98
Turkiye,Historical,EV sales,Cars,PHEV,2019,Vehicles,94
Latvia,Historical,EV sales,Cars,BEV,2019,Vehicles,86
Estonia,Historical,EV sales,Cars,BEV,2019,Vehicles,80
Canada,Historical,EV sales,Cars,FCEV,2019,Vehicles,79
South Africa,Historical,EV sales,Cars,PHEV,2019,Vehicles,72
New Zealand,Historical,EV sales,Vans,BEV,2019,Vehicles,70
United Kingdom,Historical,EV sales,Cars,FCEV,2019,Vehicles,68
Croatia,Historical,EV sales,Cars,PHEV,2019,Vehicles,67
Italy,Historical,EV sales,Buses,BEV,2019,Vehicles,65
United Arab Emirates,Historical,EV sales,Cars,PHEV,2019,Vehicles,61
Finland,Historical,EV sales,Vans,BEV,2019,Vehicles,60
France,Historical,EV sales,Cars,FCEV,2019,Vehicles,60
Bulgaria,Historical,EV sales,Cars,PHEV,2019,Vehicles,56
Poland,Historical,EV sales,Buses,BEV,2019,Vehicles,54
EU27,Historical,EV sales,Buses,PHEV,2019,Vehicles,51
Japan,Historical,EV sales,Trucks,BEV,2019,Vehicles,50
Canada,Historical,EV sales,Buses,BEV,2019,Vehicles,49
EU27,Historical,EV sales,Vans,PHEV,2019,Vehicles,41
Finland,Historical,EV sales,Buses,BEV,2019,Vehicles,40
Belgium,Historical,EV sales,Buses,BEV,2019,Vehicles,37
Seychelles,Historical,EV sales,Cars,BEV,2019,Vehicles,37
Switzerland,Historical,EV sales,Trucks,BEV,2019,Vehicles,36
Denmark,Historical,EV sales,Vans,PHEV,2019,Vehicles,34
United Arab Emirates,Historical,EV sales,Cars,BEV,2019,Vehicles,33
Brazil,Historical,EV sales,Buses,BEV,2019,Vehicles,32
China,Historical,EV sales,Trucks,PHEV,2019,Vehicles,31
Norway,Historical,EV sales,Cars,FCEV,2019,Vehicles,29
Slovenia,Historical,EV sales,Cars,PHEV,2019,Vehicles,28
China,Historical,EV sales,Vans,PHEV,2019,Vehicles,27
Switzerland,Historical,EV sales,Cars,FCEV,2019,Vehicles,25
Brazil,Historical,EV sales,Trucks,BEV,2019,Vehicles,23
Cyprus,Historical,EV sales,Cars,BEV,2019,Vehicles,23
France,Historical,EV sales,Trucks,BEV,2019,Vehicles,21
United Kingdom,Historical,EV sales,Trucks,BEV,2019,Vehicles,20
Austria,Historical,EV sales,Cars,FCEV,2019,Vehicles,19
Denmark,Historical,EV sales,Buses,PHEV,2019,Vehicles,17
Estonia,Historical,EV sales,Cars,PHEV,2019,Vehicles,17
Italy,Historical,EV sales,Cars,FCEV,2019,Vehicles,17
Portugal,Historical,EV sales,Buses,BEV,2019,Vehicles,17
Israel,Historical,EV sales,Buses,BEV,2019,Vehicles,16
Korea,Historical,EV sales,Vans,FCEV,2019,Vehicles,15
Brazil,Historical,EV sales,Vans,BEV,2019,Vehicles,14
New Zealand,Historical,EV sales,Buses,BEV,2019,Vehicles,13
Belgium,Historical,EV sales,Cars,FCEV,2019,Vehicles,12
Latvia,Historical,EV sales,Cars,PHEV,2019,Vehicles,12
Belgium,Historical,EV sales,Buses,PHEV,2019,Vehicles,11
Portugal,Historical,EV sales,Buses,PHEV,2019,Vehicles,10
Switzerland,Historical,EV sales,Buses,BEV,2019,Vehicles,10
Denmark,Historical,EV sales,Cars,FCEV,2019,Vehicles,8
Japan,Historical,EV sales,Buses,BEV,2019,Vehicles,8
Iceland,Historical,EV sales,Cars,FCEV,2019,Vehicles,7
India,Historical,EV sales,Cars,PHEV,2019,Vehicles,7
Spain,Historical,EV sales,Trucks,BEV,2019,Vehicles,7
Spain,Historical,EV sales,Buses,PHEV,2019,Vehicles,6
France,Historical,EV sales,Vans,PHEV,2019,Vehicles,4
Sweden,Historical,EV sales,Trucks,BEV,2019,Vehicles,4
Denmark,Historical,EV sales,Trucks,BEV,2019,Vehicles,3
Norway,Historical,EV sales,Trucks,BEV,2019,Vehicles,3
Finland,Historical,EV sales,Trucks,BEV,2019,Vehicles,2
New Zealand,Historical,EV sales,Cars,FCEV,2019,Vehicles,2
Sweden,Historical,EV sales,Cars,FCEV,2019,Vehicles,2
Denmark,Historical,EV sales,Trucks,FCEV,2019,Vehicles,1
EU27,Historical,EV sales,Buses,FCEV,2019,Vehicles,1
EU27,Historical,EV sales,Trucks,PHEV,2019,Vehicles,1
EU27,Historical,EV sales,Trucks,FCEV,2019,Vehicles,1
Netherlands,Historical,EV sales,Buses,FCEV,2019,Vehicles,1
Netherlands,Historical,EV sales,Trucks,PHEV,2019,Vehicles,1
Poland,Historical,EV sales,Buses,PHEV,2019,Vehicles,1
Spain,Historical,EV sales,Cars,FCEV,2019,Vehicles,1
China,Historical,EV sales,Cars,BEV,2020,Vehicles,920000
China,Projection-APS,EV sales,Cars,BEV,2020,Vehicles,920000
China,Projection-STEPS,EV sales,Cars,BEV,2020,Vehicles,920000
EU27,Historical,EV sales,Cars,BEV,2020,Vehicles,540000
EU27,Historical,EV sales,Cars,PHEV,2020,Vehicles,510000
USA,Historical,EV sales,Cars,BEV,2020,Vehicles,230000
USA,Projection-STEPS,EV sales,Cars,BEV,2020,Vehicles,230000
USA,Projection-APS,EV sales,Cars,BEV,2020,Vehicles,230000
China,Historical,EV sales,Cars,PHEV,2020,Vehicles,220000
China,Projection-APS,EV sales,Cars,PHEV,2020,Vehicles,220000
China,Projection-STEPS,EV sales,Cars,PHEV,2020,Vehicles,220000
Germany,Historical,EV sales,Cars,PHEV,2020,Vehicles,200000
Germany,Historical,EV sales,Cars,BEV,2020,Vehicles,190000
France,Historical,EV sales,Cars,BEV,2020,Vehicles,110000
United Kingdom,Historical,EV sales,Cars,BEV,2020,Vehicles,110000
Norway,Historical,EV sales,Cars,BEV,2020,Vehicles,77000
Netherlands,Historical,EV sales,Cars,BEV,2020,Vehicles,76000
France,Historical,EV sales,Cars,PHEV,2020,Vehicles,75000
United Kingdom,Historical,EV sales,Cars,PHEV,2020,Vehicles,68000
Sweden,Historical,EV sales,Cars,PHEV,2020,Vehicles,66000
USA,Historical,EV sales,Cars,PHEV,2020,Vehicles,64000
USA,Projection-STEPS,EV sales,Cars,PHEV,2020,Vehicles,64000
USA,Projection-APS,EV sales,Cars,PHEV,2020,Vehicles,64000
China,Historical,EV sales,Buses,BEV,2020,Vehicles,55000
China,Projection-APS,EV sales,Buses,BEV,2020,Vehicles,55000
China,Projection-STEPS,EV sales,Buses,BEV,2020,Vehicles,55000
Canada,Historical,EV sales,Cars,BEV,2020,Vehicles,37000
Italy,Historical,EV sales,Cars,BEV,2020,Vehicles,33000
Belgium,Historical,EV sales,Cars,PHEV,2020,Vehicles,32000
Korea,Historical,EV sales,Cars,BEV,2020,Vehicles,31000
EU27,Historical,EV sales,Vans,BEV,2020,Vehicles,29000
Norway,Historical,EV sales,Cars,PHEV,2020,Vehicles,29000
Sweden,Historical,EV sales,Cars,BEV,2020,Vehicles,28000
Italy,Historical,EV sales,Cars,PHEV,2020,Vehicles,27000
China,Historical,EV sales,Vans,BEV,2020,Vehicles,26000
China,Projection-APS,EV sales,Vans,BEV,2020,Vehicles,26000
China,Projection-STEPS,EV sales,Vans,BEV,2020,Vehicles,26000
Spain,Historical,EV sales,Cars,PHEV,2020,Vehicles,24000
Switzerland,Historical,EV sales,Cars,BEV,2020,Vehicles,20000
Denmark,Historical,EV sales,Cars,PHEV,2020,Vehicles,18000
Netherlands,Historical,EV sales,Cars,PHEV,2020,Vehicles,18000
Spain,Historical,EV sales,Cars,BEV,2020,Vehicles,18000
China,Projection-APS,EV sales,Trucks,BEV,2020,Vehicles,17000
China,Historical,EV sales,Trucks,BEV,2020,Vehicles,17000
China,Projection-STEPS,EV sales,Trucks,BEV,2020,Vehicles,17000
Austria,Historical,EV sales,Cars,BEV,2020,Vehicles,16000
Belgium,Historical,EV sales,Cars,BEV,2020,Vehicles,15000
Japan,Historical,EV sales,Cars,PHEV,2020,Vehicles,15000
Japan,Historical,EV sales,Cars,BEV,2020,Vehicles,15000
Korea,Historical,EV sales,Vans,BEV,2020,Vehicles,15000
Canada,Historical,EV sales,Cars,PHEV,2020,Vehicles,14000
Denmark,Historical,EV sales,Cars,BEV,2020,Vehicles,14000
Switzerland,Historical,EV sales,Cars,PHEV,2020,Vehicles,14000
Finland,Historical,EV sales,Cars,PHEV,2020,Vehicles,13000
Portugal,Historical,EV sales,Cars,PHEV,2020,Vehicles,12000
France,Historical,EV sales,Vans,BEV,2020,Vehicles,9200
Germany,Historical,EV sales,Vans,BEV,2020,Vehicles,8800
Korea,Historical,EV sales,Cars,PHEV,2020,Vehicles,8700
Portugal,Historical,EV sales,Cars,BEV,2020,Vehicles,7800
Austria,Historical,EV sales,Cars,PHEV,2020,Vehicles,7600
United Kingdom,Historical,EV sales,Vans,BEV,2020,Vehicles,5700
Israel,Historical,EV sales,Cars,PHEV,2020,Vehicles,5400
Australia,Historical,EV sales,Cars,BEV,2020,Vehicles,5200
Korea,Historical,EV sales,Cars,FCEV,2020,Vehicles,5000
Poland,Historical,EV sales,Cars,PHEV,2020,Vehicles,4500
Finland,Historical,EV sales,Cars,BEV,2020,Vehicles,4200
Ireland,Historical,EV sales,Cars,BEV,2020,Vehicles,4000
New Zealand,Historical,EV sales,Cars,BEV,2020,Vehicles,3900
Poland,Historical,EV sales,Cars,BEV,2020,Vehicles,3700
Czech Republic,Historical,EV sales,Cars,BEV,2020,Vehicles,3300
India,Historical,EV sales,Cars,BEV,2020,Vehicles,3100
India,Projection-STEPS,EV sales,Cars,BEV,2020,Vehicles,3100
India,Projection-APS,EV sales,Cars,BEV,2020,Vehicles,3100
Hungary,Historical,EV sales,Cars,BEV,2020,Vehicles,3000
Hungary,Historical,EV sales,Cars,PHEV,2020,Vehicles,3000
Romania,Historical,EV sales,Cars,BEV,2020,Vehicles,2800
Luxembourg,Historical,EV sales,Cars,PHEV,2020,Vehicles,2700
Norway,Historical,EV sales,Vans,BEV,2020,Vehicles,2600
Iceland,Historical,EV sales,Cars,BEV,2020,Vehicles,2500
Ireland,Historical,EV sales,Cars,PHEV,2020,Vehicles,2500
Luxembourg,Historical,EV sales,Cars,BEV,2020,Vehicles,2500
Iceland,Historical,EV sales,Cars,PHEV,2020,Vehicles,2400
India,Historical,EV sales,Buses,BEV,2020,Vehicles,2200
India,Projection-APS,EV sales,Buses,BEV,2020,Vehicles,2200
India,Projection-STEPS,EV sales,Buses,BEV,2020,Vehicles,2200
Sweden,Historical,EV sales,Vans,BEV,2020,Vehicles,2100
Czech Republic,Historical,EV sales,Cars,PHEV,2020,Vehicles,2000
Mexico,Historical,EV sales,Cars,PHEV,2020,Vehicles,2000
Spain,Historical,EV sales,Vans,BEV,2020,Vehicles,2000
Brazil,Historical,EV sales,Cars,PHEV,2020,Vehicles,1800
China,Historical,EV sales,Buses,PHEV,2020,Vehicles,1800
China,Projection-APS,EV sales,Buses,PHEV,2020,Vehicles,1800
China,Projection-STEPS,EV sales,Buses,PHEV,2020,Vehicles,1800
EU27,Historical,EV sales,Buses,BEV,2020,Vehicles,1800
Mexico,Historical,EV sales,Cars,BEV,2020,Vehicles,1800
Australia,Historical,EV sales,Cars,PHEV,2020,Vehicles,1700
Netherlands,Historical,EV sales,Vans,BEV,2020,Vehicles,1700
Canada,Historical,EV sales,Vans,BEV,2020,Vehicles,1600
Slovenia,Historical,EV sales,Cars,BEV,2020,Vehicles,1600
Greece,Historical,EV sales,Cars,PHEV,2020,Vehicles,1500
Israel,Historical,EV sales,Cars,BEV,2020,Vehicles,1500
Japan,Historical,EV sales,Vans,BEV,2020,Vehicles,1500
New Zealand,Historical,EV sales,Cars,PHEV,2020,Vehicles,1500
Canada,Historical,EV sales,Vans,PHEV,2020,Vehicles,1400
China,Projection-APS,EV sales,Trucks,FCEV,2020,Vehicles,1300
China,Historical,EV sales,Trucks,FCEV,2020,Vehicles,1300
China,Projection-STEPS,EV sales,Trucks,FCEV,2020,Vehicles,1300
China,Historical,EV sales,Buses,FCEV,2020,Vehicles,1200
China,Projection-APS,EV sales,Buses,FCEV,2020,Vehicles,1200
China,Projection-STEPS,EV sales,Buses,FCEV,2020,Vehicles,1200
Italy,Historical,EV sales,Vans,BEV,2020,Vehicles,1200
USA,Historical,EV sales,Cars,FCEV,2020,Vehicles,1200
USA,Projection-STEPS,EV sales,Cars,FCEV,2020,Vehicles,1200
USA,Projection-APS,EV sales,Cars,FCEV,2020,Vehicles,1200
EU27,Historical,EV sales,Trucks,BEV,2020,Vehicles,1000
India,Historical,EV sales,Vans,BEV,2020,Vehicles,1000
India,Projection-APS,EV sales,Vans,BEV,2020,Vehicles,1000
India,Projection-STEPS,EV sales,Vans,BEV,2020,Vehicles,1000
Romania,Historical,EV sales,Cars,PHEV,2020,Vehicles,1000
Slovakia,Historical,EV sales,Cars,BEV,2020,Vehicles,920
Turkiye,Historical,EV sales,Cars,BEV,2020,Vehicles,890
Germany,Historical,EV sales,Trucks,BEV,2020,Vehicles,860
Slovakia,Historical,EV sales,Cars,PHEV,2020,Vehicles,860
Brazil,Historical,EV sales,Cars,BEV,2020,Vehicles,800
Switzerland,Historical,EV sales,Vans,BEV,2020,Vehicles,780
Korea,Historical,EV sales,Buses,BEV,2020,Vehicles,700
Greece,Historical,EV sales,Cars,BEV,2020,Vehicles,680
EU27,Historical,EV sales,Cars,FCEV,2020,Vehicles,660
Costa Rica,Historical,EV sales,Cars,BEV,2020,Vehicles,630
United Arab Emirates,Historical,EV sales,Cars,BEV,2020,Vehicles,630
Denmark,Historical,EV sales,Vans,BEV,2020,Vehicles,620
United Kingdom,Historical,EV sales,Vans,PHEV,2020,Vehicles,560
Croatia,Historical,EV sales,Cars,BEV,2020,Vehicles,530
EU27,Historical,EV sales,Vans,PHEV,2020,Vehicles,530
USA,Historical,EV sales,Buses,BEV,2020,Vehicles,520
USA,Projection-STEPS,EV sales,Buses,BEV,2020,Vehicles,520
USA,Projection-APS,EV sales,Buses,BEV,2020,Vehicles,520
Japan,Historical,EV sales,Cars,FCEV,2020,Vehicles,490
Colombia,Historical,EV sales,Cars,BEV,2020,Vehicles,480
Belgium,Historical,EV sales,Vans,BEV,2020,Vehicles,470
Colombia,Historical,EV sales,Cars,PHEV,2020,Vehicles,470
Lithuania,Historical,EV sales,Cars,BEV,2020,Vehicles,450
Netherlands,Historical,EV sales,Buses,BEV,2020,Vehicles,450
Turkiye,Historical,EV sales,Cars,PHEV,2020,Vehicles,400
Germany,Historical,EV sales,Buses,BEV,2020,Vehicles,390
Estonia,Historical,EV sales,Cars,BEV,2020,Vehicles,340
Latvia,Historical,EV sales,Cars,BEV,2020,Vehicles,310
United Kingdom,Historical,EV sales,Buses,BEV,2020,Vehicles,300
Portugal,Historical,EV sales,Vans,BEV,2020,Vehicles,270
Norway,Historical,EV sales,Buses,BEV,2020,Vehicles,230
Poland,Historical,EV sales,Vans,BEV,2020,Vehicles,220
France,Historical,EV sales,Cars,FCEV,2020,Vehicles,210
Germany,Historical,EV sales,Cars,FCEV,2020,Vehicles,200
Poland,Historical,EV sales,Buses,BEV,2020,Vehicles,200
France,Historical,EV sales,Buses,BEV,2020,Vehicles,180
Germany,Historical,EV sales,Vans,PHEV,2020,Vehicles,180
Finland,Historical,EV sales,Vans,BEV,2020,Vehicles,170
Netherlands,Historical,EV sales,Cars,FCEV,2020,Vehicles,170
Denmark,Historical,EV sales,Vans,PHEV,2020,Vehicles,160
Sweden,Historical,EV sales,Buses,BEV,2020,Vehicles,160
South Africa,Historical,EV sales,Cars,PHEV,2020,Vehicles,150
Bulgaria,Historical,EV sales,Cars,BEV,2020,Vehicles,140
Croatia,Historical,EV sales,Cars,PHEV,2020,Vehicles,140
Chile,Historical,EV sales,Cars,BEV,2020,Vehicles,110
Japan,Historical,EV sales,Buses,FCEV,2020,Vehicles,100
Italy,Historical,EV sales,Buses,BEV,2020,Vehicles,97
South Africa,Historical,EV sales,Cars,BEV,2020,Vehicles,92
Cyprus,Historical,EV sales,Cars,PHEV,2020,Vehicles,83
Chile,Historical,EV sales,Cars,PHEV,2020,Vehicles,79
New Zealand,Historical,EV sales,Vans,BEV,2020,Vehicles,78
Estonia,Historical,EV sales,Cars,PHEV,2020,Vehicles,75
Latvia,Historical,EV sales,Cars,PHEV,2020,Vehicles,73
EU27,Historical,EV sales,Buses,PHEV,2020,Vehicles,67
Canada,Historical,EV sales,Buses,BEV,2020,Vehicles,63
Norway,Historical,EV sales,Buses,PHEV,2020,Vehicles,63
United Arab Emirates,Historical,EV sales,Cars,PHEV,2020,Vehicles,61
Korea,Historical,EV sales,Vans,FCEV,2020,Vehicles,60
Brazil,Historical,EV sales,Vans,BEV,2020,Vehicles,58
United Kingdom,Historical,EV sales,Cars,FCEV,2020,Vehicles,57
Italy,Historical,EV sales,Vans,PHEV,2020,Vehicles,53
EU27,Historical,EV sales,Buses,FCEV,2020,Vehicles,51
Spain,Historical,EV sales,Buses,BEV,2020,Vehicles,51
Netherlands,Historical,EV sales,Trucks,BEV,2020,Vehicles,50
India,Historical,EV sales,Buses,FCEV,2020,Vehicles,49
India,Projection-APS,EV sales,Buses,FCEV,2020,Vehicles,49
India,Projection-STEPS,EV sales,Buses,FCEV,2020,Vehicles,49
Denmark,Historical,EV sales,Cars,FCEV,2020,Vehicles,45
Israel,Historical,EV sales,Vans,BEV,2020,Vehicles,45
Belgium,Historical,EV sales,Buses,PHEV,2020,Vehicles,43
India,Historical,EV sales,Cars,PHEV,2020,Vehicles,43
India,Projection-STEPS,EV sales,Cars,PHEV,2020,Vehicles,43
India,Projection-APS,EV sales,Cars,PHEV,2020,Vehicles,43
Cyprus,Historical,EV sales,Cars,BEV,2020,Vehicles,42
Bulgaria,Historical,EV sales,Cars,PHEV,2020,Vehicles,41
Finland,Historical,EV sales,Vans,PHEV,2020,Vehicles,39
Slovenia,Historical,EV sales,Cars,PHEV,2020,Vehicles,39
Germany,Historical,EV sales,Buses,FCEV,2020,Vehicles,38
Switzerland,Historical,EV sales,Trucks,BEV,2020,Vehicles,38
Brazil,Historical,EV sales,Buses,BEV,2020,Vehicles,37
Korea,Historical,EV sales,Buses,FCEV,2020,Vehicles,37
Japan,Historical,EV sales,Trucks,BEV,2020,Vehicles,35
Netherlands,Historical,EV sales,Vans,PHEV,2020,Vehicles,33
Denmark,Historical,EV sales,Trucks,BEV,2020,Vehicles,28
China,Projection-APS,EV sales,Trucks,PHEV,2020,Vehicles,27
China,Historical,EV sales,Trucks,PHEV,2020,Vehicles,27
China,Projection-STEPS,EV sales,Trucks,PHEV,2020,Vehicles,27
Belgium,Historical,EV sales,Vans,PHEV,2020,Vehicles,26
Norway,Historical,EV sales,Trucks,BEV,2020,Vehicles,26
Seychelles,Historical,EV sales,Cars,BEV,2020,Vehicles,26
Finland,Historical,EV sales,Buses,BEV,2020,Vehicles,25
Israel,Historical,EV sales,Buses,BEV,2020,Vehicles,24
Sweden,Historical,EV sales,Trucks,BEV,2020,Vehicles,24
Switzerland,Historical,EV sales,Buses,BEV,2020,Vehicles,22
USA,Projection-STEPS,EV sales,Buses,FCEV,2020,Vehicles,22
USA,Projection-APS,EV sales,Buses,FCEV,2020,Vehicles,22
USA,Historical,EV sales,Buses,FCEV,2020,Vehicles,22
Switzerland,Historical,EV sales,Trucks,FCEV,2020,Vehicles,20
United Kingdom,Historical,EV sales,Buses,FCEV,2020,Vehicles,18
New Zealand,Historical,EV sales,Buses,BEV,2020,Vehicles,17
Canada,Historical,EV sales,Cars,FCEV,2020,Vehicles,16
Norway,Historical,EV sales,Cars,FCEV,2020,Vehicles,16
United Kingdom,Historical,EV sales,Trucks,BEV,2020,Vehicles,16
Brazil,Historical,EV sales,Trucks,BEV,2020,Vehicles,15
France,Historical,EV sales,Trucks,BEV,2020,Vehicles,15
Austria,Historical,EV sales,Cars,FCEV,2020,Vehicles,14
Belgium,Historical,EV sales,Buses,BEV,2020,Vehicles,12
Norway,Historical,EV sales,Vans,PHEV,2020,Vehicles,11
Japan,Historical,EV sales,Buses,BEV,2020,Vehicles,10
Portugal,Historical,EV sales,Buses,BEV,2020,Vehicles,10
Switzerland,Historical,EV sales,Vans,PHEV,2020,Vehicles,9
Spain,Historical,EV sales,Trucks,BEV,2020,Vehicles,8
Canada,Historical,EV sales,Trucks,FCEV,2020,Vehicles,7
Italy,Historical,EV sales,Cars,FCEV,2020,Vehicles,7
Spain,Historical,EV sales,Cars,FCEV,2020,Vehicles,7
Spain,Historical,EV sales,Buses,PHEV,2020,Vehicles,7
Belgium,Historical,EV sales,Trucks,BEV,2020,Vehicles,6
Denmark,Historical,EV sales,Buses,BEV,2020,Vehicles,6
Finland,Historical,EV sales,Trucks,BEV,2020,Vehicles,5
Sweden,Historical,EV sales,Cars,FCEV,2020,Vehicles,5
Belgium,Historical,EV sales,Cars,FCEV,2020,Vehicles,4
Denmark,Historical,EV sales,Buses,FCEV,2020,Vehicles,3
EU27,Historical,EV sales,Trucks,FCEV,2020,Vehicles,3
EU27,Historical,EV sales,Trucks,PHEV,2020,Vehicles,3
Netherlands,Historical,EV sales,Trucks,PHEV,2020,Vehicles,3
New Zealand,Historical,EV sales,Cars,FCEV,2020,Vehicles,3
Norway,Historical,EV sales,Trucks,FCEV,2020,Vehicles,3
Netherlands,Historical,EV sales,Trucks,FCEV,2020,Vehicles,2
Poland,Historical,EV sales,Vans,PHEV,2020,Vehicles,2
Brazil,Historical,EV sales,Buses,FCEV,2020,Vehicles,1
China,Historical,EV sales,Vans,PHEV,2020,Vehicles,1
China,Projection-APS,EV sales,Vans,PHEV,2020,Vehicles,1
China,Projection-STEPS,EV sales,Vans,PHEV,2020,Vehicles,1
Denmark,Historical,EV sales,Trucks,FCEV,2020,Vehicles,1
Iceland,Historical,EV sales,Cars,FCEV,2020,Vehicles,1
New Zealand,Historical,EV sales,Vans,PHEV,2020,Vehicles,1
Norway,Historical,EV sales,Trucks,PHEV,2020,Vehicles,1
China,Projection-STEPS,EV sales,Cars,BEV,2021,Vehicles,2700000
China,Projection-APS,EV sales,Cars,BEV,2021,Vehicles,2700000
China,Historical,EV sales,Cars,BEV,2021,Vehicles,2700000
EU27,Historical,EV sales,Cars,BEV,2021,Vehicles,890000
EU27,Historical,EV sales,Cars,PHEV,2021,Vehicles,880000
China,Projection-STEPS,EV sales,Cars,PHEV,2021,Vehicles,550000
China,Historical,EV sales,Cars,PHEV,2021,Vehicles,550000
China,Projection-APS,EV sales,Cars,PHEV,2021,Vehicles,550000
USA,Projection-APS,EV sales,Cars,BEV,2021,Vehicles,470000
USA,Projection-STEPS,EV sales,Cars,BEV,2021,Vehicles,470000
USA,Historical,EV sales,Cars,BEV,2021,Vehicles,470000
Germany,Historical,EV sales,Cars,BEV,2021,Vehicles,360000
Germany,Historical,EV sales,Cars,PHEV,2021,Vehicles,330000
United Kingdom,Historical,EV sales,Cars,BEV,2021,Vehicles,190000
France,Historical,EV sales,Cars,BEV,2021,Vehicles,170000
USA,Projection-APS,EV sales,Cars,PHEV,2021,Vehicles,160000
USA,Projection-STEPS,EV sales,Cars,PHEV,2021,Vehicles,160000
USA,Historical,EV sales,Cars,PHEV,2021,Vehicles,160000
France,Historical,EV sales,Cars,PHEV,2021,Vehicles,140000
United Kingdom,Historical,EV sales,Cars,PHEV,2021,Vehicles,120000
Norway,Historical,EV sales,Cars,BEV,2021,Vehicles,110000
Sweden,Historical,EV sales,Cars,PHEV,2021,Vehicles,78000
Korea,Historical,EV sales,Cars,BEV,2021,Vehicles,72000
China,Projection-STEPS,EV sales,Vans,BEV,2021,Vehicles,71000
China,Projection-APS,EV sales,Vans,BEV,2021,Vehicles,71000
China,Historical,EV sales,Vans,BEV,2021,Vehicles,71000
Italy,Historical,EV sales,Cars,PHEV,2021,Vehicles,71000
Netherlands,Historical,EV sales,Cars,BEV,2021,Vehicles,70000
Italy,Historical,EV sales,Cars,BEV,2021,Vehicles,67000
Canada,Historical,EV sales,Cars,BEV,2021,Vehicles,59000
Sweden,Historical,EV sales,Cars,BEV,2021,Vehicles,57000
Belgium,Historical,EV sales,Cars,PHEV,2021,Vehicles,48000
EU27,Historical,EV sales,Vans,BEV,2021,Vehicles,45000
Spain,Historical,EV sales,Cars,PHEV,2021,Vehicles,43000
China,Projection-STEPS,EV sales,Buses,BEV,2021,Vehicles,42000
China,Projection-APS,EV sales,Buses,BEV,2021,Vehicles,42000
China,Historical,EV sales,Buses,BEV,2021,Vehicles,42000
Denmark,Historical,EV sales,Cars,PHEV,2021,Vehicles,40000
Netherlands,Historical,EV sales,Cars,PHEV,2021,Vehicles,40000
Norway,Historical,EV sales,Cars,PHEV,2021,Vehicles,38000
Austria,Historical,EV sales,Cars,BEV,2021,Vehicles,33000
Switzerland,Historical,EV sales,Cars,BEV,2021,Vehicles,32000
Korea,Historical,EV sales,Vans,BEV,2021,Vehicles,29000
Canada,Historical,EV sales,Cars,PHEV,2021,Vehicles,28000
Denmark,Historical,EV sales,Cars,BEV,2021,Vehicles,25000
Spain,Historical,EV sales,Cars,BEV,2021,Vehicles,24000
Belgium,Historical,EV sales,Cars,BEV,2021,Vehicles,23000
Japan,Historical,EV sales,Cars,PHEV,2021,Vehicles,23000
Japan,Historical,EV sales,Cars,BEV,2021,Vehicles,22000
Switzerland,Historical,EV sales,Cars,PHEV,2021,Vehicles,22000
Finland,Historical,EV sales,Cars,PHEV,2021,Vehicles,20000
Korea,Historical,EV sales,Cars,PHEV,2021,Vehicles,19000
China,Projection-STEPS,EV sales,Trucks,BEV,2021,Vehicles,18000
China,Historical,EV sales,Trucks,BEV,2021,Vehicles,18000
China,Projection-APS,EV sales,Trucks,BEV,2021,Vehicles,18000
Australia,Historical,EV sales,Cars,BEV,2021,Vehicles,17000
Portugal,Historical,EV sales,Cars,PHEV,2021,Vehicles,16000
Austria,Historical,EV sales,Cars,PHEV,2021,Vehicles,15000
Germany,Historical,EV sales,Vans,BEV,2021,Vehicles,13000
Israel,Historical,EV sales,Cars,PHEV,2021,Vehicles,13000
Portugal,Historical,EV sales,Cars,BEV,2021,Vehicles,13000
France,Historical,EV sales,Vans,BEV,2021,Vehicles,12000
India,Projection-APS,EV sales,Cars,BEV,2021,Vehicles,12000
India,Projection-STEPS,EV sales,Cars,BEV,2021,Vehicles,12000
India,Historical,EV sales,Cars,BEV,2021,Vehicles,12000
United Kingdom,Historical,EV sales,Vans,BEV,2021,Vehicles,12000
Brazil,Historical,EV sales,Cars,PHEV,2021,Vehicles,11000
Israel,Historical,EV sales,Cars,BEV,2021,Vehicles,11000
Finland,Historical,EV sales,Cars,BEV,2021,Vehicles,10000
Korea,Historical,EV sales,Cars,FCEV,2021,Vehicles,9200
Poland,Historical,EV sales,Cars,PHEV,2021,Vehicles,9100
Ireland,Historical,EV sales,Cars,BEV,2021,Vehicles,8600
Ireland,Historical,EV sales,Cars,PHEV,2021,Vehicles,7900
Poland,Historical,EV sales,Cars,BEV,2021,Vehicles,7200
New Zealand,Historical,EV sales,Cars,BEV,2021,Vehicles,6800
Romania,Historical,EV sales,Cars,BEV,2021,Vehicles,6300
Iceland,Historical,EV sales,Cars,PHEV,2021,Vehicles,4900
Greece,Historical,EV sales,Cars,PHEV,2021,Vehicles,4800
Luxembourg,Historical,EV sales,Cars,BEV,2021,Vehicles,4600
Luxembourg,Historical,EV sales,Cars,PHEV,2021,Vehicles,4400
Hungary,Historical,EV sales,Cars,BEV,2021,Vehicles,4300
Hungary,Historical,EV sales,Cars,PHEV,2021,Vehicles,4200
Iceland,Historical,EV sales,Cars,BEV,2021,Vehicles,4200
Czech Republic,Historical,EV sales,Cars,PHEV,2021,Vehicles,3700
Mexico,Historical,EV sales,Cars,PHEV,2021,Vehicles,3500
New Zealand,Historical,EV sales,Cars,PHEV,2021,Vehicles,3500
Australia,Historical,EV sales,Cars,PHEV,2021,Vehicles,3400
Netherlands,Historical,EV sales,Vans,BEV,2021,Vehicles,3300
EU27,Historical,EV sales,Buses,BEV,2021,Vehicles,3100
Italy,Historical,EV sales,Vans,BEV,2021,Vehicles,3100
USA,Projection-APS,EV sales,Cars,FCEV,2021,Vehicles,3100
USA,Projection-STEPS,EV sales,Cars,FCEV,2021,Vehicles,3100
USA,Historical,EV sales,Cars,FCEV,2021,Vehicles,3100
Mexico,Historical,EV sales,Cars,BEV,2021,Vehicles,3000
Turkiye,Historical,EV sales,Cars,BEV,2021,Vehicles,3000
Brazil,Historical,EV sales,Cars,BEV,2021,Vehicles,2900
Czech Republic,Historical,EV sales,Cars,BEV,2021,Vehicles,2700
Canada,Historical,EV sales,Vans,PHEV,2021,Vehicles,2600
Canada,Historical,EV sales,Vans,BEV,2021,Vehicles,2600
Sweden,Historical,EV sales,Vans,BEV,2021,Vehicles,2600
Japan,Historical,EV sales,Cars,FCEV,2021,Vehicles,2500
Spain,Historical,EV sales,Vans,BEV,2021,Vehicles,2300
Greece,Historical,EV sales,Cars,BEV,2021,Vehicles,2200
EU27,Historical,EV sales,Vans,PHEV,2021,Vehicles,2100
United Arab Emirates,Historical,EV sales,Cars,BEV,2021,Vehicles,2100
United Arab Emirates,Historical,EV sales,Cars,PHEV,2021,Vehicles,2000
Colombia,Historical,EV sales,Cars,PHEV,2021,Vehicles,1700
India,Projection-STEPS,EV sales,Vans,BEV,2021,Vehicles,1700
India,Projection-APS,EV sales,Vans,BEV,2021,Vehicles,1700
India,Historical,EV sales,Vans,BEV,2021,Vehicles,1700
Slovenia,Historical,EV sales,Cars,BEV,2021,Vehicles,1700
Norway,Historical,EV sales,Vans,BEV,2021,Vehicles,1600
Denmark,Historical,EV sales,Vans,BEV,2021,Vehicles,1500
Croatia,Historical,EV sales,Cars,BEV,2021,Vehicles,1400
EU27,Historical,EV sales,Trucks,BEV,2021,Vehicles,1400
Switzerland,Historical,EV sales,Vans,BEV,2021,Vehicles,1300
China,Projection-STEPS,EV sales,Trucks,FCEV,2021,Vehicles,1200
China,Historical,EV sales,Trucks,FCEV,2021,Vehicles,1200
China,Projection-APS,EV sales,Trucks,FCEV,2021,Vehicles,1200
India,Projection-STEPS,EV sales,Buses,BEV,2021,Vehicles,1200
India,Projection-APS,EV sales,Buses,BEV,2021,Vehicles,1200
India,Historical,EV sales,Buses,BEV,2021,Vehicles,1200
Lithuania,Historical,EV sales,Cars,BEV,2021,Vehicles,1200
Slovakia,Historical,EV sales,Cars,PHEV,2021,Vehicles,1200
United Kingdom,Historical,EV sales,Vans,PHEV,2021,Vehicles,1200
Slovakia,Historical,EV sales,Cars,BEV,2021,Vehicles,1100
USA,Projection-APS,EV sales,Buses,BEV,2021,Vehicles,1100
USA,Projection-STEPS,EV sales,Buses,BEV,2021,Vehicles,1100
USA,Historical,EV sales,Buses,BEV,2021,Vehicles,1100
Costa Rica,Historical,EV sales,Cars,BEV,2021,Vehicles,1000
Germany,Historical,EV sales,Trucks,BEV,2021,Vehicles,1000
Japan,Historical,EV sales,Vans,BEV,2021,Vehicles,920
Turkiye,Historical,EV sales,Cars,PHEV,2021,Vehicles,920
China,Projection-STEPS,EV sales,Buses,FCEV,2021,Vehicles,900
China,Projection-APS,EV sales,Buses,FCEV,2021,Vehicles,900
China,Historical,EV sales,Buses,FCEV,2021,Vehicles,900
China,Projection-STEPS,EV sales,Buses,PHEV,2021,Vehicles,860
China,Projection-APS,EV sales,Buses,PHEV,2021,Vehicles,860
China,Historical,EV sales,Buses,PHEV,2021,Vehicles,860
EU27,Historical,EV sales,Cars,FCEV,2021,Vehicles,860
Colombia,Historical,EV sales,Cars,BEV,2021,Vehicles,840
Poland,Historical,EV sales,Vans,BEV,2021,Vehicles,840
France,Historical,EV sales,Vans,PHEV,2021,Vehicles,800
Belgium,Historical,EV sales,Vans,BEV,2021,Vehicles,640
France,Historical,EV sales,Buses,BEV,2021,Vehicles,620
Germany,Historical,EV sales,Buses,BEV,2021,Vehicles,610
United Kingdom,Historical,EV sales,Buses,BEV,2021,Vehicles,540
China,Projection-STEPS,EV sales,Trucks,PHEV,2021,Vehicles,520
China,Historical,EV sales,Trucks,PHEV,2021,Vehicles,520
China,Projection-APS,EV sales,Trucks,PHEV,2021,Vehicles,520
Estonia,Historical,EV sales,Cars,BEV,2021,Vehicles,480
Germany,Historical,EV sales,Cars,FCEV,2021,Vehicles,460
Bulgaria,Historical,EV sales,Cars,BEV,2021,Vehicles,430
Latvia,Historical,EV sales,Cars,BEV,2021,Vehicles,410
Croatia,Historical,EV sales,Cars,PHEV,2021,Vehicles,400
Lithuania,Historical,EV sales,Cars,PHEV,2021,Vehicles,400
Italy,Historical,EV sales,Vans,PHEV,2021,Vehicles,380
Portugal,Historical,EV sales,Vans,BEV,2021,Vehicles,360
Finland,Historical,EV sales,Vans,BEV,2021,Vehicles,340
Korea,Historical,EV sales,Buses,BEV,2021,Vehicles,340
Denmark,Historical,EV sales,Vans,PHEV,2021,Vehicles,320
Germany,Historical,EV sales,Vans,PHEV,2021,Vehicles,310
Slovenia,Historical,EV sales,Cars,PHEV,2021,Vehicles,310
Chile,Historical,EV sales,Cars,PHEV,2021,Vehicles,300
Brazil,Historical,EV sales,Trucks,BEV,2021,Vehicles,290
Chile,Historical,EV sales,Cars,BEV,2021,Vehicles,270
Canada,Historical,EV sales,Buses,BEV,2021,Vehicles,250
Brazil,Historical,EV sales,Buses,BEV,2021,Vehicles,240
Estonia,Historical,EV sales,Cars,PHEV,2021,Vehicles,240
Belgium,Historical,EV sales,Buses,BEV,2021,Vehicles,220
Denmark,Historical,EV sales,Buses,BEV,2021,Vehicles,220
Poland,Historical,EV sales,Buses,BEV,2021,Vehicles,220
South Africa,Historical,EV sales,Cars,BEV,2021,Vehicles,220
Finland,Historical,EV sales,Buses,BEV,2021,Vehicles,190
Italy,Historical,EV sales,Buses,BEV,2021,Vehicles,180
Sweden,Historical,EV sales,Buses,BEV,2021,Vehicles,180
Switzerland,Historical,EV sales,Vans,PHEV,2021,Vehicles,170
China,Projection-STEPS,EV sales,Vans,PHEV,2021,Vehicles,160
China,Projection-APS,EV sales,Vans,PHEV,2021,Vehicles,160
China,Historical,EV sales,Vans,PHEV,2021,Vehicles,160
Brazil,Historical,EV sales,Vans,BEV,2021,Vehicles,150
Netherlands,Historical,EV sales,Buses,BEV,2021,Vehicles,150
Spain,Historical,EV sales,Buses,BEV,2021,Vehicles,150
EU27,Historical,EV sales,Buses,PHEV,2021,Vehicles,140
Latvia,Historical,EV sales,Cars,PHEV,2021,Vehicles,140
Netherlands,Historical,EV sales,Cars,FCEV,2021,Vehicles,140
New Zealand,Historical,EV sales,Vans,BEV,2021,Vehicles,140
United Kingdom,Historical,EV sales,Trucks,BEV,2021,Vehicles,140
Canada,Historical,EV sales,Cars,FCEV,2021,Vehicles,130
Bulgaria,Historical,EV sales,Cars,PHEV,2021,Vehicles,120
Norway,Historical,EV sales,Trucks,BEV,2021,Vehicles,110
Sweden,Historical,EV sales,Trucks,BEV,2021,Vehicles,100
Norway,Historical,EV sales,Buses,BEV,2021,Vehicles,99
Cyprus,Historical,EV sales,Cars,PHEV,2021,Vehicles,98
Cyprus,Historical,EV sales,Cars,BEV,2021,Vehicles,84
Denmark,Historical,EV sales,Cars,FCEV,2021,Vehicles,78
Poland,Historical,EV sales,Cars,FCEV,2021,Vehicles,78
Korea,Historical,EV sales,Buses,FCEV,2021,Vehicles,77
Israel,Historical,EV sales,Vans,BEV,2021,Vehicles,76
EU27,Historical,EV sales,Buses,FCEV,2021,Vehicles,75
New Zealand,Historical,EV sales,Buses,BEV,2021,Vehicles,75
Netherlands,Historical,EV sales,Trucks,BEV,2021,Vehicles,71
Seychelles,Historical,EV sales,Cars,BEV,2021,Vehicles,61
Switzerland,Historical,EV sales,Trucks,FCEV,2021,Vehicles,60
Norway,Historical,EV sales,Vans,PHEV,2021,Vehicles,58
Switzerland,Historical,EV sales,Cars,FCEV,2021,Vehicles,56
Switzerland,Historical,EV sales,Buses,BEV,2021,Vehicles,55
Korea,Historical,EV sales,Vans,FCEV,2021,Vehicles,54
South Africa,Historical,EV sales,Cars,PHEV,2021,Vehicles,51
Denmark,Historical,EV sales,Trucks,BEV,2021,Vehicles,50
India,Projection-APS,EV sales,Cars,PHEV,2021,Vehicles,50
India,Projection-STEPS,EV sales,Cars,PHEV,2021,Vehicles,50
India,Historical,EV sales,Cars,PHEV,2021,Vehicles,50
Switzerland,Historical,EV sales,Trucks,BEV,2021,Vehicles,50
Netherlands,Historical,EV sales,Vans,PHEV,2021,Vehicles,46
Spain,Historical,EV sales,Vans,PHEV,2021,Vehicles,46
Australia,Historical,EV sales,Cars,FCEV,2021,Vehicles,44
Portugal,Historical,EV sales,Buses,BEV,2021,Vehicles,44
Belgium,Historical,EV sales,Vans,PHEV,2021,Vehicles,39
Norway,Historical,EV sales,Cars,FCEV,2021,Vehicles,39
Finland,Historical,EV sales,Vans,PHEV,2021,Vehicles,38
Netherlands,Historical,EV sales,Buses,FCEV,2021,Vehicles,37
Germany,Historical,EV sales,Buses,FCEV,2021,Vehicles,33
Israel,Historical,EV sales,Buses,BEV,2021,Vehicles,33
Japan,Historical,EV sales,Buses,BEV,2021,Vehicles,32
France,Historical,EV sales,Trucks,BEV,2021,Vehicles,29
Canada,Historical,EV sales,Trucks,FCEV,2021,Vehicles,28
EU27,Historical,EV sales,Vans,FCEV,2021,Vehicles,27
EU27,Historical,EV sales,Trucks,PHEV,2021,Vehicles,26
Spain,Historical,EV sales,Trucks,BEV,2021,Vehicles,23
Belgium,Historical,EV sales,Buses,PHEV,2021,Vehicles,22
New Zealand,Historical,EV sales,Vans,PHEV,2021,Vehicles,22
Belgium,Historical,EV sales,Cars,FCEV,2021,Vehicles,21
Canada,Historical,EV sales,Trucks,BEV,2021,Vehicles,20
France,Historical,EV sales,Vans,FCEV,2021,Vehicles,20
China,Projection-STEPS,EV sales,Cars,FCEV,2021,Vehicles,19
China,Projection-APS,EV sales,Cars,FCEV,2021,Vehicles,19
China,Historical,EV sales,Cars,FCEV,2021,Vehicles,19
Netherlands,Historical,EV sales,Trucks,PHEV,2021,Vehicles,16
Spain,Historical,EV sales,Buses,PHEV,2021,Vehicles,16
Sweden,Historical,EV sales,Cars,FCEV,2021,Vehicles,16
United Kingdom,Historical,EV sales,Buses,FCEV,2021,Vehicles,15
USA,Historical,EV sales,Buses,FCEV,2021,Vehicles,15
USA,Projection-APS,EV sales,Buses,FCEV,2021,Vehicles,15
USA,Projection-STEPS,EV sales,Buses,FCEV,2021,Vehicles,15
Austria,Historical,EV sales,Cars,FCEV,2021,Vehicles,14
France,Historical,EV sales,Cars,FCEV,2021,Vehicles,14
United Kingdom,Historical,EV sales,Cars,FCEV,2021,Vehicles,12
France,Historical,EV sales,Trucks,PHEV,2021,Vehicles,10
Italy,Historical,EV sales,Cars,FCEV,2021,Vehicles,10
Spain,Historical,EV sales,Cars,FCEV,2021,Vehicles,10
EU27,Historical,EV sales,Trucks,FCEV,2021,Vehicles,9
Netherlands,Historical,EV sales,Trucks,FCEV,2021,Vehicles,8
Portugal,Historical,EV sales,Vans,PHEV,2021,Vehicles,7
Belgium,Historical,EV sales,Trucks,BEV,2021,Vehicles,5
Germany,Historical,EV sales,Vans,FCEV,2021,Vehicles,5
Germany,Historical,EV sales,Buses,PHEV,2021,Vehicles,5
Norway,Historical,EV sales,Buses,PHEV,2021,Vehicles,5
China,Projection-STEPS,EV sales,Vans,FCEV,2021,Vehicles,3
China,Projection-APS,EV sales,Vans,FCEV,2021,Vehicles,3
China,Historical,EV sales,Vans,FCEV,2021,Vehicles,3
Finland,Historical,EV sales,Trucks,BEV,2021,Vehicles,3
Iceland,Historical,EV sales,Cars,FCEV,2021,Vehicles,3
Japan,Historical,EV sales,Trucks,BEV,2021,Vehicles,3
Denmark,Historical,EV sales,Vans,FCEV,2021,Vehicles,2
Israel,Historical,EV sales,Vans,PHEV,2021,Vehicles,2
Portugal,Historical,EV sales,Buses,PHEV,2021,Vehicles,2
Sweden,Historical,EV sales,Buses,FCEV,2021,Vehicles,2
Brazil,Historical,EV sales,Cars,FCEV,2021,Vehicles,1
Chile,Historical,EV sales,Cars,FCEV,2021,Vehicles,1
Denmark,Historical,EV sales,Trucks,FCEV,2021,Vehicles,1
Finland,Historical,EV sales,Cars,FCEV,2021,Vehicles,1
France,Historical,EV sales,Buses,FCEV,2021,Vehicles,1
India,Projection-APS,EV sales,Cars,FCEV,2021,Vehicles,1
India,Projection-STEPS,EV sales,Cars,FCEV,2021,Vehicles,1
India,Historical,EV sales,Cars,FCEV,2021,Vehicles,1
New Zealand,Historical,EV sales,Cars,FCEV,2021,Vehicles,1
New Zealand,Historical,EV sales,Buses,PHEV,2021,Vehicles,1
Poland,Historical,EV sales,Vans,PHEV,2021,Vehicles,1
Poland,Historical,EV sales,Buses,PHEV,2021,Vehicles,1
Portugal,Historical,EV sales,Cars,FCEV,2021,Vehicles,1
South Africa,Historical,EV sales,Cars,FCEV,2021,Vehicles,1
China,Historical,EV sales,Cars,BEV,2022,Vehicles,4400000
China,Projection-APS,EV sales,Cars,BEV,2022,Vehicles,4400000
China,Projection-STEPS,EV sales,Cars,BEV,2022,Vehicles,4400000
China,Projection-APS,EV sales,Cars,PHEV,2022,Vehicles,1500000
China,Historical,EV sales,Cars,PHEV,2022,Vehicles,1500000
China,Projection-STEPS,EV sales,Cars,PHEV,2022,Vehicles,1500000
EU27,Historical,EV sales,Cars,BEV,2022,Vehicles,1200000
EU27,Historical,EV sales,Cars,PHEV,2022,Vehicles,900000
USA,Historical,EV sales,Cars,BEV,2022,Vehicles,800000
USA,Projection-STEPS,EV sales,Cars,BEV,2022,Vehicles,800000
USA,Projection-APS,EV sales,Cars,BEV,2022,Vehicles,800000
Germany,Historical,EV sales,Cars,BEV,2022,Vehicles,470000
Germany,Historical,EV sales,Cars,PHEV,2022,Vehicles,360000
United Kingdom,Historical,EV sales,Cars,BEV,2022,Vehicles,270000
France,Historical,EV sales,Cars,BEV,2022,Vehicles,210000
USA,Historical,EV sales,Cars,PHEV,2022,Vehicles,190000
USA,Projection-STEPS,EV sales,Cars,PHEV,2022,Vehicles,190000
USA,Projection-APS,EV sales,Cars,PHEV,2022,Vehicles,190000
China,Historical,EV sales,Vans,BEV,2022,Vehicles,170000
China,Projection-APS,EV sales,Vans,BEV,2022,Vehicles,170000
China,Projection-STEPS,EV sales,Vans,BEV,2022,Vehicles,170000
Norway,Historical,EV sales,Cars,BEV,2022,Vehicles,140000
France,Historical,EV sales,Cars,PHEV,2022,Vehicles,130000
Korea,Historical,EV sales,Cars,BEV,2022,Vehicles,120000
United Kingdom,Historical,EV sales,Cars,PHEV,2022,Vehicles,100000
Sweden,Historical,EV sales,Cars,BEV,2022,Vehicles,96000
Canada,Historical,EV sales,Cars,BEV,2022,Vehicles,91000
Netherlands,Historical,EV sales,Cars,BEV,2022,Vehicles,87000
Sweden,Historical,EV sales,Cars,PHEV,2022,Vehicles,67000
Italy,Historical,EV sales,Cars,PHEV,2022,Vehicles,65000
EU27,Historical,EV sales,Vans,BEV,2022,Vehicles,64000
Belgium,Historical,EV sales,Cars,PHEV,2022,Vehicles,59000
Japan,Historical,EV sales,Cars,BEV,2022,Vehicles,59000
Netherlands,Historical,EV sales,Cars,PHEV,2022,Vehicles,50000
Italy,Historical,EV sales,Cars,BEV,2022,Vehicles,49000
Spain,Historical,EV sales,Cars,PHEV,2022,Vehicles,49000
India,Historical,EV sales,Cars,BEV,2022,Vehicles,48000
India,Projection-STEPS,EV sales,Cars,BEV,2022,Vehicles,48000
India,Projection-APS,EV sales,Cars,BEV,2022,Vehicles,48000
China,Historical,EV sales,Buses,BEV,2022,Vehicles,44000
China,Projection-APS,EV sales,Buses,BEV,2022,Vehicles,44000
China,Projection-STEPS,EV sales,Buses,BEV,2022,Vehicles,44000
Switzerland,Historical,EV sales,Cars,BEV,2022,Vehicles,40000
Belgium,Historical,EV sales,Cars,BEV,2022,Vehicles,38000
Japan,Historical,EV sales,Cars,PHEV,2022,Vehicles,38000
Korea,Historical,EV sales,Vans,BEV,2022,Vehicles,36000
Austria,Historical,EV sales,Cars,BEV,2022,Vehicles,34000
China,Projection-APS,EV sales,Trucks,BEV,2022,Vehicles,34000
China,Historical,EV sales,Trucks,BEV,2022,Vehicles,34000
China,Projection-STEPS,EV sales,Trucks,BEV,2022,Vehicles,34000
Australia,Historical,EV sales,Cars,BEV,2022,Vehicles,33000
Spain,Historical,EV sales,Cars,BEV,2022,Vehicles,33000
Denmark,Historical,EV sales,Cars,BEV,2022,Vehicles,31000
Israel,Historical,EV sales,Cars,BEV,2022,Vehicles,27000
Denmark,Historical,EV sales,Cars,PHEV,2022,Vehicles,26000
Canada,Historical,EV sales,Cars,PHEV,2022,Vehicles,24000
New Zealand,Historical,EV sales,Cars,BEV,2022,Vehicles,19000
Switzerland,Historical,EV sales,Cars,PHEV,2022,Vehicles,19000
Germany,Historical,EV sales,Vans,BEV,2022,Vehicles,18000
Portugal,Historical,EV sales,Cars,BEV,2022,Vehicles,18000
United Kingdom,Historical,EV sales,Vans,BEV,2022,Vehicles,17000
Finland,Historical,EV sales,Cars,PHEV,2022,Vehicles,16000
France,Historical,EV sales,Vans,BEV,2022,Vehicles,16000
Ireland,Historical,EV sales,Cars,BEV,2022,Vehicles,16000
Israel,Historical,EV sales,Cars,PHEV,2022,Vehicles,16000
Norway,Historical,EV sales,Cars,PHEV,2022,Vehicles,16000
Portugal,Historical,EV sales,Cars,PHEV,2022,Vehicles,16000
Finland,Historical,EV sales,Cars,BEV,2022,Vehicles,15000
United Arab Emirates,Historical,EV sales,Cars,BEV,2022,Vehicles,15000
Poland,Historical,EV sales,Cars,BEV,2022,Vehicles,14000
Austria,Historical,EV sales,Cars,PHEV,2022,Vehicles,13000
Romania,Historical,EV sales,Cars,BEV,2022,Vehicles,12000
Korea,Historical,EV sales,Cars,PHEV,2022,Vehicles,11000
Poland,Historical,EV sales,Cars,PHEV,2022,Vehicles,11000
Brazil,Historical,EV sales,Cars,PHEV,2022,Vehicles,10000
Korea,Historical,EV sales,Cars,FCEV,2022,Vehicles,10000
New Zealand,Historical,EV sales,Cars,PHEV,2022,Vehicles,9200
Brazil,Historical,EV sales,Cars,BEV,2022,Vehicles,8500
Ireland,Historical,EV sales,Cars,PHEV,2022,Vehicles,7700
Canada,Historical,EV sales,Vans,BEV,2022,Vehicles,7000
Norway,Historical,EV sales,Vans,BEV,2022,Vehicles,7000
Turkiye,Historical,EV sales,Cars,BEV,2022,Vehicles,7000
Iceland,Historical,EV sales,Cars,BEV,2022,Vehicles,6900
Luxembourg,Historical,EV sales,Cars,BEV,2022,Vehicles,6400
Australia,Historical,EV sales,Cars,PHEV,2022,Vehicles,5900
Greece,Historical,EV sales,Cars,PHEV,2022,Vehicles,5500
Iceland,Historical,EV sales,Cars,PHEV,2022,Vehicles,5100
Netherlands,Historical,EV sales,Vans,BEV,2022,Vehicles,5000
Sweden,Historical,EV sales,Vans,BEV,2022,Vehicles,5000
Hungary,Historical,EV sales,Cars,PHEV,2022,Vehicles,4900
Hungary,Historical,EV sales,Cars,BEV,2022,Vehicles,4700
Mexico,Historical,EV sales,Cars,BEV,2022,Vehicles,4400
Italy,Historical,EV sales,Vans,BEV,2022,Vehicles,4100
Mexico,Historical,EV sales,Cars,PHEV,2022,Vehicles,4000
Czech Republic,Historical,EV sales,Cars,BEV,2022,Vehicles,3900
United Arab Emirates,Historical,EV sales,Cars,PHEV,2022,Vehicles,3900
Luxembourg,Historical,EV sales,Cars,PHEV,2022,Vehicles,3800
Czech Republic,Historical,EV sales,Cars,PHEV,2022,Vehicles,3600
EU27,Historical,EV sales,Buses,BEV,2022,Vehicles,3600
Spain,Historical,EV sales,Vans,BEV,2022,Vehicles,3500
Canada,Historical,EV sales,Vans,PHEV,2022,Vehicles,3100
Greece,Historical,EV sales,Cars,BEV,2022,Vehicles,2800
China,Projection-APS,EV sales,Trucks,FCEV,2022,Vehicles,2700
China,Historical,EV sales,Trucks,FCEV,2022,Vehicles,2700
China,Projection-STEPS,EV sales,Trucks,FCEV,2022,Vehicles,2700
USA,Historical,EV sales,Cars,FCEV,2022,Vehicles,2700
USA,Projection-STEPS,EV sales,Cars,FCEV,2022,Vehicles,2700
USA,Projection-APS,EV sales,Cars,FCEV,2022,Vehicles,2700
EU27,Historical,EV sales,Vans,PHEV,2022,Vehicles,2600
EU27,Historical,EV sales,Trucks,BEV,2022,Vehicles,2500
Colombia,Historical,EV sales,Cars,PHEV,2022,Vehicles,2400
Switzerland,Historical,EV sales,Vans,BEV,2022,Vehicles,2400
USA,Historical,EV sales,Buses,BEV,2022,Vehicles,2400
USA,Projection-STEPS,EV sales,Buses,BEV,2022,Vehicles,2400
USA,Projection-APS,EV sales,Buses,BEV,2022,Vehicles,2400
Slovenia,Historical,EV sales,Cars,BEV,2022,Vehicles,2300
India,Historical,EV sales,Buses,BEV,2022,Vehicles,2000
India,Projection-APS,EV sales,Buses,BEV,2022,Vehicles,2000
India,Projection-STEPS,EV sales,Buses,BEV,2022,Vehicles,2000
Colombia,Historical,EV sales,Cars,BEV,2022,Vehicles,1900
Denmark,Historical,EV sales,Vans,BEV,2022,Vehicles,1900
Belgium,Historical,EV sales,Vans,BEV,2022,Vehicles,1800
Costa Rica,Historical,EV sales,Cars,BEV,2022,Vehicles,1600
Japan,Historical,EV sales,Vans,BEV,2022,Vehicles,1600
Slovakia,Historical,EV sales,Cars,PHEV,2022,Vehicles,1600
China,Historical,EV sales,Vans,PHEV,2022,Vehicles,1500
China,Projection-APS,EV sales,Vans,PHEV,2022,Vehicles,1500
China,Projection-STEPS,EV sales,Vans,PHEV,2022,Vehicles,1500
Croatia,Historical,EV sales,Cars,BEV,2022,Vehicles,1400
Lithuania,Historical,EV sales,Cars,BEV,2022,Vehicles,1400
Slovakia,Historical,EV sales,Cars,BEV,2022,Vehicles,1400
China,Historical,EV sales,Buses,FCEV,2022,Vehicles,1300
China,Projection-APS,EV sales,Buses,FCEV,2022,Vehicles,1300
China,Projection-STEPS,EV sales,Buses,FCEV,2022,Vehicles,1300
EU27,Historical,EV sales,Cars,FCEV,2022,Vehicles,1200
China,Historical,EV sales,Buses,PHEV,2022,Vehicles,1100
China,Projection-APS,EV sales,Buses,PHEV,2022,Vehicles,1100
China,Projection-STEPS,EV sales,Buses,PHEV,2022,Vehicles,1100
Germany,Historical,EV sales,Trucks,BEV,2022,Vehicles,1100
Latvia,Historical,EV sales,Cars,BEV,2022,Vehicles,1100
Poland,Historical,EV sales,Vans,BEV,2022,Vehicles,1100
Bulgaria,Historical,EV sales,Cars,BEV,2022,Vehicles,1000
Portugal,Historical,EV sales,Vans,BEV,2022,Vehicles,1000
Japan,Historical,EV sales,Cars,FCEV,2022,Vehicles,990
Chile,Historical,EV sales,Cars,BEV,2022,Vehicles,880
Croatia,Historical,EV sales,Cars,PHEV,2022,Vehicles,840
Germany,Historical,EV sales,Cars,FCEV,2022,Vehicles,840
Canada,Historical,EV sales,Trucks,BEV,2022,Vehicles,830
China,Historical,EV sales,Vans,FCEV,2022,Vehicles,810
China,Projection-APS,EV sales,Vans,FCEV,2022,Vehicles,810
China,Projection-STEPS,EV sales,Vans,FCEV,2022,Vehicles,810
France,Historical,EV sales,Buses,BEV,2022,Vehicles,800
Germany,Historical,EV sales,Vans,PHEV,2022,Vehicles,770
Estonia,Historical,EV sales,Cars,BEV,2022,Vehicles,730
Brazil,Historical,EV sales,Trucks,BEV,2022,Vehicles,710
Finland,Historical,EV sales,Vans,BEV,2022,Vehicles,680
Lithuania,Historical,EV sales,Cars,PHEV,2022,Vehicles,670
Korea,Historical,EV sales,Buses,BEV,2022,Vehicles,640
Germany,Historical,EV sales,Buses,BEV,2022,Vehicles,630
Chile,Historical,EV sales,Cars,PHEV,2022,Vehicles,620
Brazil,Historical,EV sales,Buses,BEV,2022,Vehicles,610
Italy,Historical,EV sales,Vans,PHEV,2022,Vehicles,610
Slovenia,Historical,EV sales,Cars,PHEV,2022,Vehicles,590
Turkiye,Historical,EV sales,Cars,PHEV,2022,Vehicles,540
Norway,Historical,EV sales,Trucks,BEV,2022,Vehicles,530
Brazil,Historical,EV sales,Vans,BEV,2022,Vehicles,520
France,Historical,EV sales,Vans,PHEV,2022,Vehicles,520
India,Historical,EV sales,Vans,BEV,2022,Vehicles,510
India,Projection-APS,EV sales,Vans,BEV,2022,Vehicles,510
India,Projection-STEPS,EV sales,Vans,BEV,2022,Vehicles,510
United Kingdom,Historical,EV sales,Trucks,BEV,2022,Vehicles,510
South Africa,Historical,EV sales,Cars,BEV,2022,Vehicles,500
Israel,Historical,EV sales,Buses,BEV,2022,Vehicles,480
United Kingdom,Historical,EV sales,Buses,BEV,2022,Vehicles,440
Estonia,Historical,EV sales,Cars,PHEV,2022,Vehicles,430
New Zealand,Historical,EV sales,Vans,BEV,2022,Vehicles,420
United Kingdom,Historical,EV sales,Vans,PHEV,2022,Vehicles,410
Cyprus,Historical,EV sales,Cars,BEV,2022,Vehicles,400
Denmark,Historical,EV sales,Buses,BEV,2022,Vehicles,400
France,Historical,EV sales,Trucks,BEV,2022,Vehicles,380
Denmark,Historical,EV sales,Vans,PHEV,2022,Vehicles,370
Sweden,Historical,EV sales,Trucks,BEV,2022,Vehicles,340
Norway,Historical,EV sales,Buses,BEV,2022,Vehicles,310
Latvia,Historical,EV sales,Cars,PHEV,2022,Vehicles,300
Finland,Historical,EV sales,Buses,BEV,2022,Vehicles,280
China,Projection-APS,EV sales,Trucks,PHEV,2022,Vehicles,260
China,Historical,EV sales,Trucks,PHEV,2022,Vehicles,260
China,Projection-STEPS,EV sales,Trucks,PHEV,2022,Vehicles,260
Spain,Historical,EV sales,Buses,BEV,2022,Vehicles,250
China,Historical,EV sales,Cars,FCEV,2022,Vehicles,240
China,Projection-APS,EV sales,Cars,FCEV,2022,Vehicles,240
China,Projection-STEPS,EV sales,Cars,FCEV,2022,Vehicles,240
Cyprus,Historical,EV sales,Cars,PHEV,2022,Vehicles,230
Norway,Historical,EV sales,Vans,PHEV,2022,Vehicles,220
Spain,Historical,EV sales,Trucks,BEV,2022,Vehicles,210
Sweden,Historical,EV sales,Buses,BEV,2022,Vehicles,210
France,Historical,EV sales,Cars,FCEV,2022,Vehicles,200
Canada,Historical,EV sales,Buses,BEV,2022,Vehicles,190
Poland,Historical,EV sales,Buses,BEV,2022,Vehicles,180
Switzerland,Historical,EV sales,Trucks,BEV,2022,Vehicles,180
Korea,Historical,EV sales,Buses,FCEV,2022,Vehicles,150
Bulgaria,Historical,EV sales,Cars,PHEV,2022,Vehicles,140
USA,Projection-STEPS,EV sales,Buses,FCEV,2022,Vehicles,140
USA,Projection-APS,EV sales,Buses,FCEV,2022,Vehicles,140
USA,Historical,EV sales,Buses,FCEV,2022,Vehicles,140
Italy,Historical,EV sales,Buses,BEV,2022,Vehicles,120
Netherlands,Historical,EV sales,Trucks,BEV,2022,Vehicles,120
South Africa,Historical,EV sales,Cars,PHEV,2022,Vehicles,120
New Zealand,Historical,EV sales,Buses,BEV,2022,Vehicles,110
Switzerland,Historical,EV sales,Buses,BEV,2022,Vehicles,110
Denmark,Historical,EV sales,Trucks,BEV,2022,Vehicles,100
Netherlands,Historical,EV sales,Buses,BEV,2022,Vehicles,99
Belgium,Historical,EV sales,Vans,PHEV,2022,Vehicles,98
Spain,Historical,EV sales,Vans,PHEV,2022,Vehicles,94
Israel,Historical,EV sales,Vans,BEV,2022,Vehicles,87
Netherlands,Historical,EV sales,Cars,FCEV,2022,Vehicles,87
Portugal,Historical,EV sales,Buses,BEV,2022,Vehicles,76
EU27,Historical,EV sales,Buses,PHEV,2022,Vehicles,72
Switzerland,Historical,EV sales,Cars,FCEV,2022,Vehicles,72
United Kingdom,Historical,EV sales,Buses,FCEV,2022,Vehicles,65
EU27,Historical,EV sales,Buses,FCEV,2022,Vehicles,54
New Zealand,Historical,EV sales,Vans,PHEV,2022,Vehicles,50
India,Historical,EV sales,Buses,FCEV,2022,Vehicles,49
India,Projection-APS,EV sales,Buses,FCEV,2022,Vehicles,49
India,Projection-STEPS,EV sales,Buses,FCEV,2022,Vehicles,49
Poland,Historical,EV sales,Cars,FCEV,2022,Vehicles,46
Belgium,Historical,EV sales,Buses,BEV,2022,Vehicles,42
Seychelles,Historical,EV sales,Cars,BEV,2022,Vehicles,37
Netherlands,Historical,EV sales,Vans,PHEV,2022,Vehicles,35
Belgium,Historical,EV sales,Trucks,BEV,2022,Vehicles,31
Finland,Historical,EV sales,Vans,PHEV,2022,Vehicles,27
Norway,Historical,EV sales,Cars,FCEV,2022,Vehicles,27
Belgium,Historical,EV sales,Buses,PHEV,2022,Vehicles,25
EU27,Historical,EV sales,Trucks,PHEV,2022,Vehicles,24
India,Historical,EV sales,Cars,PHEV,2022,Vehicles,23
India,Projection-STEPS,EV sales,Cars,PHEV,2022,Vehicles,23
India,Projection-APS,EV sales,Cars,PHEV,2022,Vehicles,23
Germany,Historical,EV sales,Buses,FCEV,2022,Vehicles,21
Belgium,Historical,EV sales,Cars,FCEV,2022,Vehicles,20
Japan,Historical,EV sales,Buses,BEV,2022,Vehicles,20
Canada,Historical,EV sales,Cars,FCEV,2022,Vehicles,19
Finland,Historical,EV sales,Trucks,BEV,2022,Vehicles,19
Canada,Historical,EV sales,Trucks,FCEV,2022,Vehicles,18
Israel,Historical,EV sales,Vans,PHEV,2022,Vehicles,18
Netherlands,Historical,EV sales,Trucks,PHEV,2022,Vehicles,17
Australia,Historical,EV sales,Cars,FCEV,2022,Vehicles,15
Germany,Historical,EV sales,Buses,PHEV,2022,Vehicles,15
Austria,Historical,EV sales,Cars,FCEV,2022,Vehicles,14
EU27,Historical,EV sales,Trucks,FCEV,2022,Vehicles,14
Netherlands,Historical,EV sales,Trucks,FCEV,2022,Vehicles,14
Netherlands,Historical,EV sales,Buses,FCEV,2022,Vehicles,14
Italy,Historical,EV sales,Cars,FCEV,2022,Vehicles,11
Japan,Historical,EV sales,Trucks,BEV,2022,Vehicles,10
New Zealand,Historical,EV sales,Cars,FCEV,2022,Vehicles,10
Sweden,Historical,EV sales,Trucks,PHEV,2022,Vehicles,7
United Kingdom,Historical,EV sales,Cars,FCEV,2022,Vehicles,7
Denmark,Historical,EV sales,Cars,FCEV,2022,Vehicles,6
Spain,Historical,EV sales,Buses,FCEV,2022,Vehicles,6
Spain,Historical,EV sales,Cars,FCEV,2022,Vehicles,4
Switzerland,Historical,EV sales,Vans,PHEV,2022,Vehicles,4
Brazil,Historical,EV sales,Buses,FCEV,2022,Vehicles,2
Brazil,Historical,EV sales,Cars,FCEV,2022,Vehicles,2
France,Historical,EV sales,Buses,PHEV,2022,Vehicles,2
India,Historical,EV sales,Cars,FCEV,2022,Vehicles,2
India,Projection-STEPS,EV sales,Cars,FCEV,2022,Vehicles,2
India,Projection-APS,EV sales,Cars,FCEV,2022,Vehicles,2
Portugal,Historical,EV sales,Vans,PHEV,2022,Vehicles,2
South Africa,Historical,EV sales,Cars,FCEV,2022,Vehicles,2
Sweden,Historical,EV sales,Cars,FCEV,2022,Vehicles,2
Chile,Historical,EV sales,Cars,FCEV,2022,Vehicles,1
Poland,Historical,EV sales,Buses,PHEV,2022,Vehicles,1
Poland,Historical,EV sales,Vans,PHEV,2022,Vehicles,1
Spain,Historical,EV sales,Buses,PHEV,2022,Vehicles,1
Switzerland,Historical,EV sales,Buses,PHEV,2022,Vehicles,1
China,Projection-STEPS,EV sales,Cars,BEV,2023,Vehicles,5400000
China,Projection-APS,EV sales,Cars,BEV,2023,Vehicles,5400000
China,Historical,EV sales,Cars,BEV,2023,Vehicles,5400000
China,Projection-STEPS,EV sales,Cars,PHEV,2023,Vehicles,2700000
China,Historical,EV sales,Cars,PHEV,2023,Vehicles,2700000
China,Projection-APS,EV sales,Cars,PHEV,2023,Vehicles,2700000
EU27,Historical,EV sales,Cars,BEV,2023,Vehicles,1600000
USA,Projection-APS,EV sales,Cars,BEV,2023,Vehicles,1100000
USA,Projection-STEPS,EV sales,Cars,BEV,2023,Vehicles,1100000
USA,Historical,EV sales,Cars,BEV,2023,Vehicles,1100000
EU27,Historical,EV sales,Cars,PHEV,2023,Vehicles,850000
Germany,Historical,EV sales,Cars,BEV,2023,Vehicles,520000
France,Historical,EV sales,Cars,BEV,2023,Vehicles,310000
United Kingdom,Historical,EV sales,Cars,BEV,2023,Vehicles,310000
USA,Projection-APS,EV sales,Cars,PHEV,2023,Vehicles,290000
USA,Projection-STEPS,EV sales,Cars,PHEV,2023,Vehicles,290000
USA,Historical,EV sales,Cars,PHEV,2023,Vehicles,290000
China,Projection-STEPS,EV sales,Vans,BEV,2023,Vehicles,240000
China,Projection-APS,EV sales,Vans,BEV,2023,Vehicles,240000
China,Historical,EV sales,Vans,BEV,2023,Vehicles,240000
Germany,Historical,EV sales,Cars,PHEV,2023,Vehicles,180000
France,Historical,EV sales,Cars,PHEV,2023,Vehicles,160000
United Kingdom,Historical,EV sales,Cars,PHEV,2023,Vehicles,140000
Canada,Historical,EV sales,Cars,BEV,2023,Vehicles,130000
Netherlands,Historical,EV sales,Cars,BEV,2023,Vehicles,130000
Korea,Historical,EV sales,Cars,BEV,2023,Vehicles,120000
EU27,Historical,EV sales,Vans,BEV,2023,Vehicles,110000
Sweden,Historical,EV sales,Cars,BEV,2023,Vehicles,110000
Belgium,Historical,EV sales,Cars,PHEV,2023,Vehicles,100000
Norway,Historical,EV sales,Cars,BEV,2023,Vehicles,100000
Belgium,Historical,EV sales,Cars,BEV,2023,Vehicles,93000
Japan,Historical,EV sales,Cars,BEV,2023,Vehicles,88000
Australia,Historical,EV sales,Cars,BEV,2023,Vehicles,87000
India,Projection-APS,EV sales,Cars,BEV,2023,Vehicles,82000
India,Projection-STEPS,EV sales,Cars,BEV,2023,Vehicles,82000
India,Historical,EV sales,Cars,BEV,2023,Vehicles,82000
Netherlands,Historical,EV sales,Cars,PHEV,2023,Vehicles,80000
Italy,Historical,EV sales,Cars,PHEV,2023,Vehicles,70000
Italy,Historical,EV sales,Cars,BEV,2023,Vehicles,66000
Turkiye,Historical,EV sales,Cars,BEV,2023,Vehicles,66000
Spain,Historical,EV sales,Cars,PHEV,2023,Vehicles,65000
Denmark,Historical,EV sales,Cars,BEV,2023,Vehicles,63000
Sweden,Historical,EV sales,Cars,PHEV,2023,Vehicles,61000
Spain,Historical,EV sales,Cars,BEV,2023,Vehicles,57000
Switzerland,Historical,EV sales,Cars,BEV,2023,Vehicles,53000
Japan,Historical,EV sales,Cars,PHEV,2023,Vehicles,52000
Israel,Historical,EV sales,Cars,BEV,2023,Vehicles,49000
Austria,Historical,EV sales,Cars,BEV,2023,Vehicles,48000
Canada,Historical,EV sales,Cars,PHEV,2023,Vehicles,41000
Korea,Historical,EV sales,Vans,BEV,2023,Vehicles,41000
China,Projection-STEPS,EV sales,Trucks,BEV,2023,Vehicles,38000
China,Historical,EV sales,Trucks,BEV,2023,Vehicles,38000
China,Projection-APS,EV sales,Trucks,BEV,2023,Vehicles,38000
Portugal,Historical,EV sales,Cars,BEV,2023,Vehicles,36000
Brazil,Historical,EV sales,Cars,PHEV,2023,Vehicles,33000
Finland,Historical,EV sales,Cars,BEV,2023,Vehicles,30000
France,Historical,EV sales,Vans,BEV,2023,Vehicles,30000
China,Projection-STEPS,EV sales,Buses,BEV,2023,Vehicles,29000
China,Projection-APS,EV sales,Buses,BEV,2023,Vehicles,29000
China,Historical,EV sales,Buses,BEV,2023,Vehicles,29000
Portugal,Historical,EV sales,Cars,PHEV,2023,Vehicles,27000
New Zealand,Historical,EV sales,Cars,BEV,2023,Vehicles,26000
Germany,Historical,EV sales,Vans,BEV,2023,Vehicles,25000
Ireland,Historical,EV sales,Cars,BEV,2023,Vehicles,23000
Switzerland,Historical,EV sales,Cars,PHEV,2023,Vehicles,23000
United Arab Emirates,Historical,EV sales,Cars,BEV,2023,Vehicles,23000
United Kingdom,Historical,EV sales,Vans,BEV,2023,Vehicles,22000
Brazil,Historical,EV sales,Cars,BEV,2023,Vehicles,19000
Finland,Historical,EV sales,Cars,PHEV,2023,Vehicles,18000
Austria,Historical,EV sales,Cars,PHEV,2023,Vehicles,17000
Denmark,Historical,EV sales,Cars,PHEV,2023,Vehicles,17000
Poland,Historical,EV sales,Cars,BEV,2023,Vehicles,17000
Israel,Historical,EV sales,Cars,PHEV,2023,Vehicles,16000
Romania,Historical,EV sales,Cars,BEV,2023,Vehicles,15000
Mexico,Historical,EV sales,Cars,BEV,2023,Vehicles,13000
Poland,Historical,EV sales,Cars,PHEV,2023,Vehicles,13000
Korea,Historical,EV sales,Cars,PHEV,2023,Vehicles,12000
New Zealand,Historical,EV sales,Cars,PHEV,2023,Vehicles,12000
Australia,Historical,EV sales,Cars,PHEV,2023,Vehicles,11000
Luxembourg,Historical,EV sales,Cars,BEV,2023,Vehicles,11000
Greece,Historical,EV sales,Cars,PHEV,2023,Vehicles,10000
Iceland,Historical,EV sales,Cars,BEV,2023,Vehicles,10000
Ireland,Historical,EV sales,Cars,PHEV,2023,Vehicles,10000
Netherlands,Historical,EV sales,Vans,BEV,2023,Vehicles,10000
Norway,Historical,EV sales,Cars,PHEV,2023,Vehicles,10000
Spain,Historical,EV sales,Vans,BEV,2023,Vehicles,10000
Canada,Historical,EV sales,Vans,BEV,2023,Vehicles,9100
Norway,Historical,EV sales,Vans,BEV,2023,Vehicles,8800
Sweden,Historical,EV sales,Vans,BEV,2023,Vehicles,8700
EU27,Historical,EV sales,Trucks,BEV,2023,Vehicles,8200
Italy,Historical,EV sales,Vans,BEV,2023,Vehicles,7200
Greece,Historical,EV sales,Cars,BEV,2023,Vehicles,7000
Czech Republic,Historical,EV sales,Cars,BEV,2023,Vehicles,6700
United Arab Emirates,Historical,EV sales,Cars,PHEV,2023,Vehicles,5900
Hungary,Historical,EV sales,Cars,BEV,2023,Vehicles,5800
Hungary,Historical,EV sales,Cars,PHEV,2023,Vehicles,5500
Czech Republic,Historical,EV sales,Cars,PHEV,2023,Vehicles,5300
EU27,Historical,EV sales,Buses,BEV,2023,Vehicles,5200
Costa Rica,Historical,EV sales,Cars,BEV,2023,Vehicles,4900
Luxembourg,Historical,EV sales,Cars,PHEV,2023,Vehicles,4800
Korea,Historical,EV sales,Cars,FCEV,2023,Vehicles,4300
Slovenia,Historical,EV sales,Cars,BEV,2023,Vehicles,4300
Canada,Historical,EV sales,Vans,PHEV,2023,Vehicles,4100
Switzerland,Historical,EV sales,Vans,BEV,2023,Vehicles,3900
Colombia,Historical,EV sales,Cars,BEV,2023,Vehicles,3600
China,Projection-STEPS,EV sales,Trucks,FCEV,2023,Vehicles,3400
China,Historical,EV sales,Trucks,FCEV,2023,Vehicles,3400
China,Projection-APS,EV sales,Trucks,FCEV,2023,Vehicles,3400
France,Historical,EV sales,Trucks,BEV,2023,Vehicles,3200
Belgium,Historical,EV sales,Vans,BEV,2023,Vehicles,3100
Slovakia,Historical,EV sales,Cars,PHEV,2023,Vehicles,3000
USA,Projection-APS,EV sales,Cars,FCEV,2023,Vehicles,3000
USA,Projection-STEPS,EV sales,Cars,FCEV,2023,Vehicles,3000
USA,Historical,EV sales,Cars,FCEV,2023,Vehicles,3000
Denmark,Historical,EV sales,Vans,BEV,2023,Vehicles,2900
Japan,Historical,EV sales,Vans,BEV,2023,Vehicles,2800
Turkiye,Historical,EV sales,Cars,PHEV,2023,Vehicles,2700
Colombia,Historical,EV sales,Cars,PHEV,2023,Vehicles,2500
Korea,Historical,EV sales,Buses,BEV,2023,Vehicles,2500
Portugal,Historical,EV sales,Vans,BEV,2023,Vehicles,2500
Iceland,Historical,EV sales,Cars,PHEV,2023,Vehicles,2400
Poland,Historical,EV sales,Vans,BEV,2023,Vehicles,2400
India,Projection-STEPS,EV sales,Buses,BEV,2023,Vehicles,2300
India,Projection-APS,EV sales,Buses,BEV,2023,Vehicles,2300
India,Historical,EV sales,Buses,BEV,2023,Vehicles,2300
Slovakia,Historical,EV sales,Cars,BEV,2023,Vehicles,2300
EU27,Historical,EV sales,Vans,PHEV,2023,Vehicles,2200
Germany,Historical,EV sales,Trucks,BEV,2023,Vehicles,2200
Mexico,Historical,EV sales,Cars,PHEV,2023,Vehicles,2200
Lithuania,Historical,EV sales,Cars,BEV,2023,Vehicles,2100
Canada,Historical,EV sales,Trucks,BEV,2023,Vehicles,2000
China,Projection-STEPS,EV sales,Vans,FCEV,2023,Vehicles,1900
China,Projection-APS,EV sales,Vans,FCEV,2023,Vehicles,1900
China,Historical,EV sales,Vans,FCEV,2023,Vehicles,1900
Bulgaria,Historical,EV sales,Cars,BEV,2023,Vehicles,1800
Latvia,Historical,EV sales,Cars,BEV,2023,Vehicles,1700
Croatia,Historical,EV sales,Cars,BEV,2023,Vehicles,1600
Finland,Historical,EV sales,Vans,BEV,2023,Vehicles,1600
Estonia,Historical,EV sales,Cars,BEV,2023,Vehicles,1400
United Kingdom,Historical,EV sales,Trucks,BEV,2023,Vehicles,1400
China,Projection-STEPS,EV sales,Buses,PHEV,2023,Vehicles,1300
China,Projection-APS,EV sales,Buses,PHEV,2023,Vehicles,1300
China,Historical,EV sales,Buses,PHEV,2023,Vehicles,1300
United Kingdom,Historical,EV sales,Buses,BEV,2023,Vehicles,1300
China,Projection-STEPS,EV sales,Buses,FCEV,2023,Vehicles,1200
China,Projection-APS,EV sales,Buses,FCEV,2023,Vehicles,1200
China,Historical,EV sales,Buses,FCEV,2023,Vehicles,1200
Netherlands,Historical,EV sales,Trucks,BEV,2023,Vehicles,1200
Italy,Historical,EV sales,Vans,PHEV,2023,Vehicles,1000
Slovenia,Historical,EV sales,Cars,PHEV,2023,Vehicles,1000
Croatia,Historical,EV sales,Cars,PHEV,2023,Vehicles,990
Germany,Historical,EV sales,Buses,BEV,2023,Vehicles,840
Brazil,Historical,EV sales,Trucks,BEV,2023,Vehicles,810
South Africa,Historical,EV sales,Cars,BEV,2023,Vehicles,810
Canada,Historical,EV sales,Buses,BEV,2023,Vehicles,790
Cyprus,Historical,EV sales,Cars,BEV,2023,Vehicles,790
EU27,Historical,EV sales,Cars,FCEV,2023,Vehicles,770
Switzerland,Historical,EV sales,Buses,BEV,2023,Vehicles,770
USA,Projection-APS,EV sales,Buses,BEV,2023,Vehicles,750
USA,Projection-STEPS,EV sales,Buses,BEV,2023,Vehicles,750
USA,Historical,EV sales,Buses,BEV,2023,Vehicles,750
France,Historical,EV sales,Buses,BEV,2023,Vehicles,740
Norway,Historical,EV sales,Trucks,BEV,2023,Vehicles,700
Brazil,Historical,EV sales,Vans,BEV,2023,Vehicles,690
Estonia,Historical,EV sales,Cars,PHEV,2023,Vehicles,560
Norway,Historical,EV sales,Buses,BEV,2023,Vehicles,540
China,Projection-STEPS,EV sales,Cars,FCEV,2023,Vehicles,520
China,Projection-APS,EV sales,Cars,FCEV,2023,Vehicles,520
China,Historical,EV sales,Cars,FCEV,2023,Vehicles,520
Spain,Historical,EV sales,Buses,BEV,2023,Vehicles,520
Chile,Historical,EV sales,Cars,PHEV,2023,Vehicles,510
Cyprus,Historical,EV sales,Cars,PHEV,2023,Vehicles,510
New Zealand,Historical,EV sales,Vans,BEV,2023,Vehicles,500
Israel,Historical,EV sales,Buses,BEV,2023,Vehicles,450
Spain,Historical,EV sales,Trucks,BEV,2023,Vehicles,440
Chile,Historical,EV sales,Cars,BEV,2023,Vehicles,410
Italy,Historical,EV sales,Buses,BEV,2023,Vehicles,410
Switzerland,Historical,EV sales,Trucks,BEV,2023,Vehicles,380
Denmark,Historical,EV sales,Vans,PHEV,2023,Vehicles,370
Korea,Historical,EV sales,Buses,FCEV,2023,Vehicles,370
Bulgaria,Historical,EV sales,Cars,PHEV,2023,Vehicles,360
Germany,Historical,EV sales,Vans,PHEV,2023,Vehicles,360
Latvia,Historical,EV sales,Cars,PHEV,2023,Vehicles,360
Poland,Historical,EV sales,Buses,BEV,2023,Vehicles,360
Portugal,Historical,EV sales,Buses,BEV,2023,Vehicles,360
India,Projection-STEPS,EV sales,Vans,BEV,2023,Vehicles,350
India,Projection-APS,EV sales,Vans,BEV,2023,Vehicles,350
India,Historical,EV sales,Vans,BEV,2023,Vehicles,350
Belgium,Historical,EV sales,Buses,BEV,2023,Vehicles,340
China,Projection-STEPS,EV sales,Trucks,PHEV,2023,Vehicles,320
China,Historical,EV sales,Trucks,PHEV,2023,Vehicles,320
China,Projection-APS,EV sales,Trucks,PHEV,2023,Vehicles,320
Denmark,Historical,EV sales,Trucks,BEV,2023,Vehicles,320
Japan,Historical,EV sales,Cars,FCEV,2023,Vehicles,320
France,Historical,EV sales,Cars,FCEV,2023,Vehicles,310
Sweden,Historical,EV sales,Buses,BEV,2023,Vehicles,310
Sweden,Historical,EV sales,Trucks,BEV,2023,Vehicles,290
India,Projection-APS,EV sales,Cars,PHEV,2023,Vehicles,270
India,Projection-STEPS,EV sales,Cars,PHEV,2023,Vehicles,270
India,Historical,EV sales,Cars,PHEV,2023,Vehicles,270
South Africa,Historical,EV sales,Cars,PHEV,2023,Vehicles,270
Germany,Historical,EV sales,Cars,FCEV,2023,Vehicles,260
France,Historical,EV sales,Vans,PHEV,2023,Vehicles,220
Brazil,Historical,EV sales,Buses,BEV,2023,Vehicles,200
Denmark,Historical,EV sales,Buses,BEV,2023,Vehicles,200
Netherlands,Historical,EV sales,Buses,BEV,2023,Vehicles,180
Belgium,Historical,EV sales,Trucks,BEV,2023,Vehicles,160
EU27,Historical,EV sales,Buses,PHEV,2023,Vehicles,160
EU27,Historical,EV sales,Buses,FCEV,2023,Vehicles,150
Norway,Historical,EV sales,Vans,PHEV,2023,Vehicles,130
Belgium,Historical,EV sales,Buses,PHEV,2023,Vehicles,110
Finland,Historical,EV sales,Buses,BEV,2023,Vehicles,110
United Kingdom,Historical,EV sales,Vans,PHEV,2023,Vehicles,110
New Zealand,Historical,EV sales,Buses,BEV,2023,Vehicles,100
Seychelles,Historical,EV sales,Cars,BEV,2023,Vehicles,100
Israel,Historical,EV sales,Vans,BEV,2023,Vehicles,90
Netherlands,Historical,EV sales,Vans,PHEV,2023,Vehicles,90
Poland,Historical,EV sales,Cars,FCEV,2023,Vehicles,83
Finland,Historical,EV sales,Trucks,BEV,2023,Vehicles,76
Japan,Historical,EV sales,Buses,BEV,2023,Vehicles,69
Netherlands,Historical,EV sales,Cars,FCEV,2023,Vehicles,65
EU27,Historical,EV sales,Vans,FCEV,2023,Vehicles,58
Japan,Historical,EV sales,Trucks,BEV,2023,Vehicles,50
Germany,Historical,EV sales,Vans,FCEV,2023,Vehicles,48
Germany,Historical,EV sales,Buses,FCEV,2023,Vehicles,43
United Kingdom,Historical,EV sales,Buses,FCEV,2023,Vehicles,43
EU27,Historical,EV sales,Trucks,PHEV,2023,Vehicles,38
Poland,Historical,EV sales,Buses,FCEV,2023,Vehicles,34
Spain,Historical,EV sales,Buses,PHEV,2023,Vehicles,29
Switzerland,Historical,EV sales,Cars,FCEV,2023,Vehicles,27
Netherlands,Historical,EV sales,Trucks,PHEV,2023,Vehicles,26
United Kingdom,Historical,EV sales,Cars,FCEV,2023,Vehicles,25
Belgium,Historical,EV sales,Vans,PHEV,2023,Vehicles,24
France,Historical,EV sales,Buses,FCEV,2023,Vehicles,22
EU27,Historical,EV sales,Trucks,FCEV,2023,Vehicles,19
Canada,Historical,EV sales,Trucks,FCEV,2023,Vehicles,18
New Zealand,Historical,EV sales,Vans,PHEV,2023,Vehicles,15
Finland,Historical,EV sales,Vans,PHEV,2023,Vehicles,14
Italy,Historical,EV sales,Buses,FCEV,2023,Vehicles,14
Canada,Historical,EV sales,Cars,FCEV,2023,Vehicles,13
Spain,Historical,EV sales,Buses,FCEV,2023,Vehicles,13
Austria,Historical,EV sales,Cars,FCEV,2023,Vehicles,9
Belgium,Historical,EV sales,Cars,FCEV,2023,Vehicles,9
Netherlands,Historical,EV sales,Buses,FCEV,2023,Vehicles,9
Belgium,Historical,EV sales,Trucks,PHEV,2023,Vehicles,8
Germany,Historical,EV sales,Trucks,FCEV,2023,Vehicles,8
Netherlands,Historical,EV sales,Trucks,FCEV,2023,Vehicles,8
Sweden,Historical,EV sales,Buses,FCEV,2023,Vehicles,8
Australia,Historical,EV sales,Cars,FCEV,2023,Vehicles,6
Norway,Historical,EV sales,Cars,FCEV,2023,Vehicles,6
Germany,Historical,EV sales,Buses,PHEV,2023,Vehicles,5
Spain,Historical,EV sales,Vans,PHEV,2023,Vehicles,5
Sweden,Historical,EV sales,Vans,PHEV,2023,Vehicles,5
Germany,Historical,EV sales,Trucks,PHEV,2023,Vehicles,4
New Zealand,Historical,EV sales,Cars,FCEV,2023,Vehicles,4
Spain,Historical,EV sales,Cars,FCEV,2023,Vehicles,4
Poland,Historical,EV sales,Buses,PHEV,2023,Vehicles,3
India,Projection-STEPS,EV sales,Buses,FCEV,2023,Vehicles,2
India,Projection-APS,EV sales,Buses,FCEV,2023,Vehicles,2
India,Historical,EV sales,Buses,FCEV,2023,Vehicles,2
Italy,Historical,EV sales,Cars,FCEV,2023,Vehicles,2
Portugal,Historical,EV sales,Cars,FCEV,2023,Vehicles,2
Sweden,Historical,EV sales,Cars,FCEV,2023,Vehicles,2
Denmark,Historical,EV sales,Cars,FCEV,2023,Vehicles,1
France,Historical,EV sales,Trucks,FCEV,2023,Vehicles,1
Iceland,Historical,EV sales,Cars,FCEV,2023,Vehicles,1
Portugal,Historical,EV sales,Buses,FCEV,2023,Vehicles,1
